StartDate,EndDate,Status,IPAddress,Progress,Duration (in seconds),Finished,RecordedDate,ResponseId,RecipientLastName,RecipientFirstName,RecipientEmail,ExternalReference,LocationLatitude,LocationLongitude,DistributionChannel,UserLanguage,gender_respondent,age,citizenship,race,race_5_TEXT,city_1,ideology,party,employment,education_alt,military,military_5_TEXT,military_family,bp1,bp2,bp3,bp4,bp5,bp6,bp7,cp1,cp2,cp3,cp4,cp5,cp6,cp7,ns1,ns2,ns3,ns4,pp_1,pp_2,pp_3,pp_4,pp_5,mc_general,mc_economy,mc_security,mc_culture,attention1,attentıon2,random_id,Random ID,threat_v,Q_DataPolicyViolations
Start Date,End Date,Response Type,IP Address,Progress,Duration (in seconds),Finished,Recorded Date,Response ID,Recipient Last Name,Recipient First Name,Recipient Email,External Data Reference,Location Latitude,Location Longitude,Distribution Channel,User Language,Lütfen cinsiyetinizi belirtiniz,Kaç yaşındasınız? Lütfen sadece rakam giriniz.,Türk vatandaşı mısınız?,Lütfen sayacağım gruplardan kendinizi hangisine en çok ait hissettiğinizi söyleyebilir misiniz? - Selected Choice,Lütfen sayacağım gruplardan kendinizi hangisine en çok ait hissettiğinizi söyleyebilir misiniz? - Diğer (lütfen belirtiniz) - Text,Hangi şehirde yaşıyorsunuz? - Şehir,Siyasette 'sağ’a mı daha yakınsınız ve 'sol’a mı?,Hükûmete mi daha yakın hissediyorsunuz muhalefete mi?,Şu anki çalışma durumunuz nedir?,İlkokul 1. sınıftan itibaren toplam kaç yıllık eğitim gördünüz?,Askerlik yaptınız mı? - Selected Choice,Askerlik yaptınız mı? - Diğer - Text,Ailenizden birisi (uzun veya kısa dönem) askerlik yaptı mı?,Türkiye'yi gönülden desteklemeyenler başka yerde yaşamalı.,Bu ülkeyi eleştirmek Türklüğe yakışmaz.,Dünyada Türkiye'ye yönelik çok fazla eleştiri var ve biz vatandaşlarının eleştirmemesi gerekiyor.,Doğru ya da yanlış her konuda ülkemi desteklerim.,Türkiye neredeyse her zaman haklıdır.,Cumhurbaşkanının partisinden bağımsız olarak Türkiye politikalarının neredeyse her zaman ahlaki açıdan doğru olduğuna inanıyorum.,"Türkiye'nin dış politikasını, sırf kendi ülkemin dış politikası olması nedeniyle bile destekliyorum.",Bu ülkeyi eleştirenlere bile tam bir ifade özgürlüğü vermeliyiz.,Türkiye'yi eleştirmek birini daha az Türk yapmaz.,"Dış politikamızı protesto eden ve gösteri yapan insanların büyük çoğunluğu iyi, dürüst ve zeki insanlardır.","Türkiye'yi seviyorsanız, onun sorunlarını görmeli ve düzeltmeye çalışmalısınız.",Eğer Türkiye'yi eleştiriyorsam bunu ülkeme olan sevgimden yapıyorum.,Bazı dış politikalara karşı çıkıyorum çünkü ülkemi önemsiyorum ve onu geliştirmek istiyorum.,"Ülkeme olan sevgim, popüler olan ancak potansiyel olarak ülke aleyhine olan dış politika kararlarını eleştirmemi gerektiriyor.",Spor müsabakalarında İstiklal Marşı çalınmalı.,Bu ülkedeki herkes Çanakkale Savaşı'nı anmalı.,Bayrağımıza saygısızlık edenlerin hukuki yaptırımları olmalı.,Okullarda Andımız okutulmalı.,Diğer ülkelerin vatandaşları da şartlar ne olursa olsun kendi vatanları için savaşmalıdırlar.,"Başka ülkelerin vatandaşları, hangi ülkeden olurlarsa olsunlar, ülkelerine her şekilde hizmet etmelidirler.",Türkiye dışındaki ülkelerin vatandaşları daima kendi ülkelerine öncelik vermelidir.,"Kendi ülkesini savunmak asil bir vatanseverlik görevidir ve bireyler kendi ülkelerini, benim ülkeme karşı bile olsa savunmalıdırlar.",Diğer ülkelerin yurttaşları kendi ulusal politikalarını her koşulda desteklemelidir.,Bu ankette bahsedilen göç hikayesinde ismi geçen ülke hangisidir?,Bu ankette okuduğunuz notta göçmenlerin hangi olası etkisinden söz edilmiştir?,Bu ankette okuduğunuz notta göçmenlerin hangi olası etkisinden söz edilmiştir?,Bu ankette okuduğunuz notta göçmenlerin hangi olası etkisinden söz edilmiştir?,Şu an tamamlamakta olduğunuz anket aşağıdakilerden hangisiyle ilgilidir?,Dikkatinizi verdiğinizi göstermek için lütfen seçeneklerden 4'ü seçiniz.,Çekilişe katılmak istiyorsanız lütfen e-posta adresinizi giriniz.,Random ID,threat_v,Q_DataPolicyViolations
"{""ImportId"":""startDate"",""timeZone"":""America/Denver""}","{""ImportId"":""endDate"",""timeZone"":""America/Denver""}","{""ImportId"":""status""}","{""ImportId"":""ipAddress""}","{""ImportId"":""progress""}","{""ImportId"":""duration""}","{""ImportId"":""finished""}","{""ImportId"":""recordedDate"",""timeZone"":""America/Denver""}","{""ImportId"":""_recordId""}","{""ImportId"":""recipientLastName""}","{""ImportId"":""recipientFirstName""}","{""ImportId"":""recipientEmail""}","{""ImportId"":""externalDataReference""}","{""ImportId"":""locationLatitude""}","{""ImportId"":""locationLongitude""}","{""ImportId"":""distributionChannel""}","{""ImportId"":""userLanguage""}","{""ImportId"":""QID48""}","{""ImportId"":""QID49_TEXT""}","{""ImportId"":""QID50""}","{""ImportId"":""QID51""}","{""ImportId"":""QID51_5_TEXT""}","{""ImportId"":""QID52_1""}","{""ImportId"":""QID53""}","{""ImportId"":""QID54""}","{""ImportId"":""QID55""}","{""ImportId"":""QID56_TEXT""}","{""ImportId"":""QID63""}","{""ImportId"":""QID63_5_TEXT""}","{""ImportId"":""QID64""}","{""ImportId"":""QID68""}","{""ImportId"":""QID69""}","{""ImportId"":""QID70""}","{""ImportId"":""QID71""}","{""ImportId"":""QID72""}","{""ImportId"":""QID73""}","{""ImportId"":""QID74""}","{""ImportId"":""QID75""}","{""ImportId"":""QID84""}","{""ImportId"":""QID83""}","{""ImportId"":""QID82""}","{""ImportId"":""QID81""}","{""ImportId"":""QID80""}","{""ImportId"":""QID89""}","{""ImportId"":""QID79""}","{""ImportId"":""QID78""}","{""ImportId"":""QID77""}","{""ImportId"":""QID76""}","{""ImportId"":""QID58""}","{""ImportId"":""QID59""}","{""ImportId"":""QID60""}","{""ImportId"":""QID61""}","{""ImportId"":""QID62""}","{""ImportId"":""QID85""}","{""ImportId"":""QID86""}","{""ImportId"":""QID87""}","{""ImportId"":""QID88""}","{""ImportId"":""QID42""}","{""ImportId"":""QID43""}","{""ImportId"":""QID44_TEXT""}","{""ImportId"":""Random ID""}","{""ImportId"":""threat_v""}","{""ImportId"":""Q_DataPolicyViolations""}"
2025-03-17 08:47:20,2025-03-17 08:48:36,Survey Preview,,100,75,True,2025-03-17 08:48:37,R_7GIQ81jqQmbGevT,,,,,40.5163,-74.2696,preview,EN,Erkek,d,Evet,Türk,,Adıyaman,Sağ,Hükûmet,İşsiz ve iş arayan,5,,,,2,2,4,5,3,2,1,2,3,3,4,2,4,,2,2,3,2,4,3,1,2,1,,,,Kültürel,Göç,3,,89129,culture,
2025-03-17 09:29:12,2025-03-17 09:29:13,Survey Test,,100,1,True,2025-03-17 09:29:13,R_6n7zzM4CyeFrsHA,,,,,,,test,,Diğer/Cevap vermek istemiyorum,Dui lectus? Praesent temporibus porttitor nibh euismod luctus turpis ultricies sed.,Evet,Boşnak,,Kırklareli,Sol,Hükûmet,İşsiz ve iş arayan,"Montes, placerat facilisi arcu maecenas atque eget elit posuere sollicitudin.",Bedelli,,Hayır,1,3,5,3,2,2,1,3,1,5,2,1,2,1,2,2,5,2,1,4,4,3,1,,,,,Göç,2,Nulla dignissim. Ligula mi rhoncus cras augue purus facilisi porttitor facilisis laoreet venenatis gravida vulputate.,47513,placebo,
2025-03-17 09:29:13,2025-03-17 09:29:13,Survey Test,,100,0,True,2025-03-17 09:29:13,R_02o1iO4xPDVR9Fs,,,,,,,test,,Diğer/Cevap vermek istemiyorum,"Per dapibus posuere fermentum justo platea, fringilla enim eleifend euismod.",Evet,Diğer (lütfen belirtiniz),Aliquet vestibulum nullam auctor magna neque nulla fermentum a odio.,Afyonkarahisar,Sol,Hiçbirisi,İşsiz ve iş arayan,"Malesuada? Pharetra. Gravida? Elementum cras integer, accusamus, nulla commodo? Nibh porttitor. Tempora lacus faucibus consequat.",Diğer,Vivamus ab justo porttitor nunc. Non molestie. Vivamus. Dapibus lorem? Consectetuer eros iaculis.,Evet,1,4,5,2,5,1,5,2,2,1,1,4,4,5,3,2,2,1,4,1,2,4,5,,,,,Tıp,4,"Magna posuere nonummy potenti leo odio blandit magna, sapien lorem dapibus ante augue pellentesque.",91034,placebo,
2025-03-17 09:29:13,2025-03-17 09:29:13,Survey Test,,100,0,True,2025-03-17 09:29:13,R_2bNESh21YdNb6Z0,,,,,,,test,,Diğer/Cevap vermek istemiyorum,"Bibendum sapien aliquam etiam tempora sit ut massa tincidunt tortor ac, nunc.",Evet,Türk,,Şırnak,Ne sağ ne sol,Muhalefet,İşsiz fakat iş aramayan,"Id cras sagittis, nulla, mattis dolorem euismod molestie commodo potenti rhoncus posuere eleifend dignissim.",Diğer,"Vel. Ullamcorper ut etiam pede accusamus. Potenti lectus? Metus dapibus malesuada, ipsum fusce.",Hayır,5,3,5,3,3,4,5,2,3,1,2,4,3,2,1,3,3,5,2,5,2,1,4,,,,,Tıp,1,Cursus ullamcorper dictumst. Cursus accusamus potenti blandit. Nibh facilisis integer? Ligula.,32621,placebo,
2025-03-17 09:29:13,2025-03-17 09:29:14,Survey Test,,100,1,True,2025-03-17 09:29:14,R_73NMMUjiYc9r44S,,,,,,,test,,Diğer/Cevap vermek istemiyorum,Nonummy fringilla? Aliquet per commodo vel temporibus. Auctor integer morbi.,Hayır,Boşnak,,Denizli,Ne sağ ne sol,Muhalefet,Yarı zamanlı çalışan,"Fringilla iaculis sit lectus primis tortor, sagittis mauris cursus dictumst augue magna.",Yapma zorunluluğum yok,,Hayır,1,5,4,4,5,5,4,4,2,2,1,5,4,3,3,1,1,4,5,3,4,1,2,,,,Ekonomik,Hayvan hakları,2,Accusamus posuere augue tempus eleifend! Vestibulum suscipit posuere vestibulum gravida curabitur consectetuer phasellus.,94502,culture,
2025-03-17 09:29:14,2025-03-17 09:29:14,Survey Test,,100,0,True,2025-03-17 09:29:14,R_2h5I8DsCyJgpox0,,,,,,,test,,Kadın,Phasellus leo ab augue faucibus potenti aliquet gravida pellentesque temporibus. Euismod nullam proin natoque commodo.,Hayır,Bilmiyorum,,Muğla,Sağ,Muhalefet,Tam zamanlı çalışan/İşyeri sahibi,Commodo! Vivamus tincidunt! Sodales lectus temporibus pede praesent. Faucibus etiam ipsum posuere? Massa.,Diğer,Vitae ab montes ligula? Accusamus odio dolorem ipsum fringilla tellus dolor accusamus luctus.,Hayır,4,1,4,4,3,3,4,5,5,3,3,4,2,2,4,3,4,2,2,4,1,1,4,,,,,Hayvan hakları,4,Iaculis! Nullam velit aliquet fusce ullamcorper! Tortor in morbi vivamus laoreet aliquet neque venenatis.,74165,placebo,
2025-03-17 09:29:14,2025-03-17 09:29:14,Survey Test,,100,0,True,2025-03-17 09:29:15,R_dh79YLMw3UrO9im,,,,,,,test,,Diğer/Cevap vermek istemiyorum,"Cras, purus sagittis facilisi quis. Proin. Fermentum bibendum, orci. Temporibus posuere donec massa egestas.",Evet,Cevap vermek istemiyorum,,Trabzon,Sağ,Muhalefet,Emekli,"Porta. Eget tempora lorem velit, duis tempus! Rhoncus odio. Aliquet.",Bedelli,,Hayır,4,4,1,1,4,1,2,3,1,2,5,3,4,5,3,2,4,5,2,4,5,4,4,,Güvenlik,,,Astronomi,4,Pretium euismod arcu! In vivamus diam mi sapien massa commodo cras.,63270,economy,
2025-03-17 09:29:15,2025-03-17 09:29:15,Survey Test,,100,0,True,2025-03-17 09:29:15,R_ehsYhLOBvy8TtlA,,,,,,,test,,Diğer/Cevap vermek istemiyorum,Praesent eget dapibus eleifend quis! Non primis eget ligula arcu.,Evet,Türk,,Şanlıurfa,Sağ,Hükûmet,Tam zamanlı çalışan/İşyeri sahibi,Sodales ab quam. Ligula nunc pellentesque consequat porta ligula mauris accusamus diam.,Yapma zorunluluğum yok,,Evet,3,4,3,3,5,2,3,5,3,3,4,3,2,4,5,1,3,1,3,5,2,1,5,,,,Güvenlik,Hayvan hakları,3,"Accusamus, massa felis ridiculus magnis integer suspendisse. Integer commodo sollicitudin blandit? Orci.",21812,culture,
2025-03-17 09:29:15,2025-03-17 09:29:15,Survey Test,,100,0,True,2025-03-17 09:29:15,R_0qWFz6ZvlSKDhLE,,,,,,,test,,Diğer/Cevap vermek istemiyorum,"Porta. Diam phasellus purus accumsan vestibulum laoreet. Gravida dignissim ultricies amet cursus, orci! Maecenas fusce.",Hayır,Boşnak,,İstanbul,Sağ,Muhalefet,İşsiz fakat iş aramayan,"Integer. At elit! Euismod est? Ut consectetuer? Dignissim, viverra faucibus ante magnis.",Yapma zorunluluğum yok,,Cevap vermek istemiyorum,4,4,4,5,1,1,4,1,3,2,5,1,2,1,3,5,4,2,4,1,1,1,2,,,,,Hayvan hakları,3,Ut potenti velit? Non. Sollicitudin eros euismod metus pharetra porttitor suspendisse malesuada rhoncus suspendisse ridiculus.,27863,placebo,
2025-03-17 09:29:15,2025-03-17 09:29:15,Survey Test,,100,0,True,2025-03-17 09:29:16,R_7WEjGU3HkrmCDr0,,,,,,,test,,Kadın,"Proin velit, dictumst id velit velit viverra! Metus! Ipsum integer.",Evet,Diğer (lütfen belirtiniz),Magnis at platea mauris sodales convallis fringilla praesent ipsum ultrices quis interdum vestibulum aenean placerat.,Çankırı,Sağ,Muhalefet,İşsiz fakat iş aramayan,"Ligula fringilla mi egestas? Arcu malesuada aliquet blandit, non ipsum.",Bedelli,,Cevap vermek istemiyorum,5,1,5,1,1,1,4,2,4,4,3,3,2,3,3,4,3,5,3,3,5,4,3,,,,Ekonomik,Tıp,2,"Nec, sollicitudin tincidunt! Ante felis suspendisse primis blandit blandit! Risus? Volutpat.",41260,culture,
2025-03-17 09:29:16,2025-03-17 09:29:16,Survey Test,,100,0,True,2025-03-17 09:29:16,R_03zfkjltbZ5lBeS,,,,,,,test,,Erkek,"Egestas! Ultrices dictumst. Donec! Eros wisi. Primis lacus, primis interdum.",Hayır,Arap,,Trabzon,Ne sağ ne sol,Hiçbirisi,Tam zamanlı çalışan/İşyeri sahibi,Lacus ligula urna aliquam. Mattis bibendum mauris tincidunt ridiculus? Orci urna magna.,Evet (uzun veya kısa dönem),,Evet,3,1,3,4,3,2,5,4,5,5,2,1,2,1,4,4,1,4,3,2,5,4,5,,,,Kültürel,Astronomi,4,Maecenas mauris vivamus proin bibendum facilisis? Montes sem donec morbi vitae quam odio pellentesque! Non.,62588,culture,
2025-03-17 09:29:16,2025-03-17 09:29:16,Survey Test,,100,0,True,2025-03-17 09:29:16,R_dbV7jmdHiSDBCm2,,,,,,,test,,Erkek,Tincidunt nulla suscipit vestibulum egestas pellentesque mauris egestas quam ullamcorper velit.,Evet,Bilmiyorum,,Kilis,Ne sağ ne sol,Muhalefet,Tam zamanlı çalışan/İşyeri sahibi,Faucibus placerat nibh dignissim placerat sodales rhoncus venenatis commodo proin.,Yapma zorunluluğum yok,,Evet,3,4,2,2,1,3,1,2,3,1,5,5,2,5,4,2,5,3,4,3,4,1,5,,,Ekonomik,,Tıp,4,Accusamus tincidunt egestas pretium vulputate temporibus fringilla accumsan accusamus metus enim sit. Facilisi.,29431,security,
2025-03-17 09:29:16,2025-03-17 09:29:16,Survey Test,,100,0,True,2025-03-17 09:29:17,R_3X9BW0OYitY3ram,,,,,,,test,,Diğer/Cevap vermek istemiyorum,Sodales pede nonummy velit felis fringilla nec sapien purus morbi.,Hayır,Arap,,Adana,Sağ,Hiçbirisi,Yarı zamanlı çalışan,Platea sit velit phasellus lorem dui vel pretium? Facilisi tempor turpis quis purus cursus neque.,Yapma zorunluluğum yok,,Evet,4,1,5,1,2,5,3,5,3,1,4,1,3,2,4,3,2,5,2,1,3,4,4,,,Ekonomik,,Tıp,2,Dignissim volutpat leo aliquam primis est ut. Bibendum platea neque est euismod purus ullamcorper non.,91904,security,
2025-03-17 09:29:17,2025-03-17 09:29:17,Survey Test,,100,0,True,2025-03-17 09:29:17,R_4PDJKgHL6d5vsSW,,,,,,,test,,Kadın,Natoque etiam curabitur risus potenti risus imperdiet proin bibendum vivamus duis sed. Interdum sollicitudin.,Evet,Cevap vermek istemiyorum,,Osmaniye,Sağ,Hiçbirisi,İşsiz ve iş arayan,"Accusamus. Etiam gravida luctus vulputate? Aliquet, tortor at etiam? Est maecenas non montes tempora. Ultricies.",Bedelli,,Hayır,2,5,3,1,3,5,3,3,2,3,1,3,3,5,1,2,4,3,5,3,5,2,2,,Güvenlik,,,Astronomi,2,Consequat etiam at aliquet interdum enim dictumst tortor mattis tempus.,27970,economy,
2025-03-17 09:29:17,2025-03-17 09:29:17,Survey Test,,100,0,True,2025-03-17 09:29:17,R_2hQnuM7A9ATO1MO,,,,,,,test,,Diğer/Cevap vermek istemiyorum,Euismod. Cras vestibulum quam imperdiet justo. Mi vitae porta? Risus.,Evet,Türk,,Elazığ,Sol,Hükûmet,İşsiz fakat iş aramayan,"Duis quis tincidunt, praesent leo cursus felis odio? Primis! Ullamcorper porta! Accumsan turpis montes.",Cevap vermek istemiyorum,,Hayır,2,5,4,3,4,5,5,3,4,3,2,3,4,4,5,1,5,5,2,2,5,3,5,,,,,Tıp,4,"Vehicula lacus duis a! Ultrices quam phasellus porta magna? Aliquam ante. Potenti, sollicitudin, magnis. Pretium.",35018,placebo,
2025-03-17 09:29:17,2025-03-17 09:29:18,Survey Test,,100,1,True,2025-03-17 09:29:18,R_djswweN9ube0zPg,,,,,,,test,,Diğer/Cevap vermek istemiyorum,Erat porta nullam commodo suscipit bibendum ridiculus blandit non in! Praesent fermentum. Mauris convallis pede.,Hayır,Gürcü,,Antalya,Sol,Muhalefet,Tam zamanlı çalışan/İşyeri sahibi,Augue tempus? Atque. Ipsum odio luctus neque fringilla tincidunt urna quis dapibus sit eros.,Yapma zorunluluğum yok,,Hayır,5,1,3,4,5,1,5,5,2,5,2,5,3,5,1,1,2,4,1,2,3,2,2,,Ekonomi,,,Astronomi,2,"Proin lacus donec integer. In donec, arcu dolorem potenti culpa est commodo! Phasellus.",77575,economy,
2025-03-17 09:29:18,2025-03-17 09:29:18,Survey Test,,100,0,True,2025-03-17 09:29:18,R_4ZuDStZXJ3p5OES,,,,,,,test,,Diğer/Cevap vermek istemiyorum,Cras duis aliquet mi odio elit imperdiet ultrices iaculis blandit! Per elit quis.,Evet,Kürt,,Hakkâri,Sol,Hiçbirisi,İşsiz fakat iş aramayan,"Gravida temporibus dolor luctus ligula ullamcorper ultricies lorem! Potenti, scelerisque! Faucibus.",Bedelli,,Hayır,3,1,1,3,4,1,4,2,4,3,4,5,1,3,4,2,1,4,2,1,2,2,5,,Ekonomi,,,Tıp,3,Arcu. Luctus culpa nulla metus donec. Iaculis pharetra dictumst. Dui.,10739,economy,
2025-03-17 09:29:18,2025-03-17 09:29:18,Survey Test,,100,0,True,2025-03-17 09:29:19,R_51NUtXpXSwYGU4K,,,,,,,test,,Kadın,Et porta wisi tempus augue bibendum eget integer accumsan posuere wisi aliquam pede.,Evet,Arap,,Edirne,Ne sağ ne sol,Hükûmet,Tam zamanlı çalışan/İşyeri sahibi,"Ridiculus elit venenatis, integer at dui id eleifend vivamus! Natoque.",Bedelli,,Hayır,1,4,4,1,2,5,3,3,4,5,4,4,3,2,2,5,3,3,2,3,5,2,4,,,Ekonomik,,Astronomi,1,"Aenean! Luctus pellentesque. Convallis in, accumsan iaculis. Morbi? Tortor diam? Per metus.",56157,security,
2025-03-17 09:29:19,2025-03-17 09:29:19,Survey Test,,100,0,True,2025-03-17 09:29:19,R_3rbUJLoUH6NGpGC,,,,,,,test,,Diğer/Cevap vermek istemiyorum,Viverra egestas faucibus pellentesque orci sem? Elementum integer scelerisque? Ab per? Metus. Potenti justo.,Evet,Laz,,Kilis,Sağ,Hiçbirisi,Tam zamanlı çalışan/İşyeri sahibi,"Dui dignissim malesuada consectetuer purus iaculis! Vestibulum viverra suspendisse vitae dapibus, non sollicitudin at pretium.",Bedelli,,Evet,1,2,5,5,2,5,5,4,3,5,2,3,2,3,2,1,3,1,2,4,5,4,3,,,,,Tıp,2,Cursus auctor. Posuere vel scelerisque felis tellus eros vivamus eleifend aliquam.,57106,placebo,
2025-03-17 09:29:19,2025-03-17 09:29:19,Survey Test,,100,0,True,2025-03-17 09:29:19,R_3DlJD8mgL4DnJUW,,,,,,,test,,Diğer/Cevap vermek istemiyorum,Et. Curabitur. Cras primis atque felis quis! Wisi tempor diam! Erat sed pellentesque elit.,Hayır,Laz,,Hatay,Sağ,Muhalefet,Emekli,"Ligula potenti praesent arcu, ut fermentum praesent amet? Morbi ut? Placerat sit.",Diğer,Massa pretium posuere per suspendisse morbi suscipit integer tincidunt. Posuere. Et tortor sed.,Cevap vermek istemiyorum,2,3,1,4,4,4,3,4,2,1,5,4,3,1,2,2,5,5,5,2,2,3,1,Ukrayna,,,,Göç,1,"Egestas praesent nullam consequat tincidunt luctus luctus velit, amet pede malesuada, eleifend.",94865,general,
2025-03-17 09:29:19,2025-03-17 09:29:19,Survey Test,,100,0,True,2025-03-17 09:29:20,R_5oMaltoGTK5Rpe6,,,,,,,test,,Erkek,"Eros mattis eros commodo, temporibus per rhoncus? Wisi a lorem. Urna sit.",Evet,Arap,,Tunceli,Sağ,Muhalefet,Tam zamanlı çalışan/İşyeri sahibi,"Fringilla non, ultrices elementum. Maecenas velit praesent etiam atque et, commodo? Volutpat.",Diğer,"Facilisi volutpat pretium pharetra velit leo elementum, dolorem magna. Sem volutpat leo erat. Pretium.",Evet,2,2,2,2,3,3,4,1,2,4,5,1,1,2,4,2,1,4,5,4,2,4,2,,Ekonomi,,,Astronomi,4,Fringilla risus non laoreet tempora molestie gravida eros convallis venenatis magnis turpis eleifend lacus.,18696,economy,
2025-03-17 09:29:20,2025-03-17 09:29:20,Survey Test,,100,0,True,2025-03-17 09:29:20,R_4ONdQXlfQdSOOx0,,,,,,,test,,Kadın,Leo magna. Ligula convallis blandit odio leo? Viverra augue nec. Sem luctus justo sit aliquam.,Evet,Diğer (lütfen belirtiniz),Consequat molestie nunc et erat atque. Neque. Laoreet platea? Augue aenean natoque sodales pellentesque felis.,Adıyaman,Sağ,Hükûmet,Emekli,Tempora? Porttitor magna praesent. Luctus massa? Nulla! Nunc? Morbi elit ridiculus.,Evet (uzun veya kısa dönem),,Evet,5,5,2,2,5,3,3,3,2,4,2,4,3,2,4,4,1,2,1,5,4,4,4,Suriye,,,,Tıp,3,Accusamus diam vel nonummy euismod nibh accumsan. Risus est est gravida placerat rhoncus.,74180,general,
2025-03-17 09:29:20,2025-03-17 09:29:20,Survey Test,,100,0,True,2025-03-17 09:29:20,R_a5D6WG1IL3adKSi,,,,,,,test,,Erkek,Erat urna per euismod felis gravida. Auctor placerat tellus cursus enim venenatis.,Hayır,Arap,,Kayseri,Sol,Muhalefet,Emekli,"Suspendisse imperdiet a, mattis. Ullamcorper. Tortor integer felis luctus maecenas.",Bedelli,,Evet,3,1,1,1,2,3,1,1,5,2,2,2,3,4,1,2,5,1,3,3,1,1,3,Afganistan,,,,Tıp,4,Lectus. Curabitur imperdiet proin urna porta viverra convallis suspendisse tempora maecenas. Lorem vel. Platea. Temporibus.,15611,general,
2025-03-17 09:29:20,2025-03-17 09:29:21,Survey Test,,100,1,True,2025-03-17 09:29:21,R_0Gtx11rwl3SWALk,,,,,,,test,,Erkek,Luctus rutrum. Suspendisse suscipit nulla tempus sodales curabitur montes suspendisse justo laoreet? A.,Hayır,Gürcü,,Şırnak,Sağ,Muhalefet,Tam zamanlı çalışan/İşyeri sahibi,"Eget mi rutrum, laoreet vitae vehicula per eget. A natoque non.",Evet (uzun veya kısa dönem),,Evet,3,1,2,5,1,3,3,1,1,3,5,5,1,4,1,4,1,2,2,4,5,2,4,,,Kültürel,,Göç,1,Pede integer laoreet dapibus posuere? Nulla quam nunc iaculis id imperdiet per nunc.,15420,security,
2025-03-17 09:29:21,2025-03-17 09:29:21,Survey Test,,100,0,True,2025-03-17 09:29:21,R_dgQQSaU4lFaYUfk,,,,,,,test,,Diğer/Cevap vermek istemiyorum,Tortor elementum metus sapien. Vivamus praesent etiam primis per justo tempora gravida.,Evet,Gürcü,,Kayseri,Sol,Hükûmet,İşsiz ve iş arayan,Nec vestibulum convallis tellus quis convallis sapien eleifend! Morbi. Sodales aenean nullam venenatis imperdiet commodo.,Diğer,"Fringilla fringilla primis pellentesque tempor, facilisi luctus sed nonummy placerat! Aliquet ac platea sed. Vestibulum.",Hayır,2,4,2,2,5,4,5,3,1,1,5,3,2,3,1,4,3,5,4,2,4,2,2,Suriye,,,,Göç,2,"Etiam erat duis. Lacus leo. Purus nec aenean proin sollicitudin amet, massa.",36036,general,
2025-03-17 09:29:21,2025-03-17 09:29:21,Survey Test,,100,0,True,2025-03-17 09:29:21,R_d6vLKXvYGlkWBU2,,,,,,,test,,Diğer/Cevap vermek istemiyorum,Augue. Nulla non porta accumsan aliquam odio pede? Et! Ut viverra. Neque non.,Evet,Türk,,Antalya,Sağ,Hükûmet,Yarı zamanlı çalışan,Neque facilisis felis integer wisi. Ultricies. Tempus pharetra massa. Non accumsan. Platea.,Bedelli,,Cevap vermek istemiyorum,3,2,4,3,4,2,3,3,2,2,5,1,5,1,5,5,3,2,1,4,1,1,5,,,,Güvenlik,Hayvan hakları,4,Platea diam diam elementum at placerat? Wisi vivamus arcu imperdiet.,75228,culture,
2025-03-17 09:29:22,2025-03-17 09:29:22,Survey Test,,100,0,True,2025-03-17 09:29:22,R_cSI1Ihw4xfnkVGS,,,,,,,test,,Diğer/Cevap vermek istemiyorum,"Etiam lorem blandit. A natoque maecenas, vivamus tempora amet ab sollicitudin vehicula erat.",Evet,Çerkez,,Sinop,Sol,Muhalefet,İşsiz fakat iş aramayan,Sit tincidunt? Sagittis curabitur enim vel porta. Sollicitudin fringilla? Morbi venenatis.,Evet (uzun veya kısa dönem),,Hayır,2,1,3,5,4,1,1,3,1,2,4,3,2,5,1,3,1,2,2,2,4,4,1,,,,,Hayvan hakları,3,Egestas blandit? At in posuere? Fusce rutrum blandit fusce luctus turpis. Dignissim morbi.,47623,placebo,
2025-03-17 09:29:22,2025-03-17 09:29:22,Survey Test,,100,0,True,2025-03-17 09:29:22,R_3KqzSONg2YpoZIa,,,,,,,test,,Erkek,Ac commodo vivamus vivamus fermentum cursus at vestibulum dignissim leo augue lectus. Fusce atque.,Evet,Boşnak,,Edirne,Sol,Hiçbirisi,Emekli,Volutpat. Tellus rhoncus eleifend mi. Tellus velit eget interdum. Ridiculus. Erat.,Evet (uzun veya kısa dönem),,Evet,1,2,5,4,1,4,1,1,5,5,5,2,4,3,2,1,3,1,1,2,2,1,5,,Ekonomi,,,Göç,2,Elit posuere imperdiet scelerisque praesent placerat placerat et. Velit id mattis nonummy etiam! Iaculis platea.,20277,economy,
2025-03-17 09:29:22,2025-03-17 09:29:22,Survey Test,,100,0,True,2025-03-17 09:29:22,R_1TT2om5tXOB5hFs,,,,,,,test,,Diğer/Cevap vermek istemiyorum,"Pretium, ultrices est ab imperdiet convallis donec sagittis praesent integer.",Evet,Laz,,Kilis,Ne sağ ne sol,Hükûmet,İşsiz fakat iş aramayan,"Pede massa. Scelerisque, platea wisi. Accusamus! Phasellus eu dui! Massa duis magna sollicitudin turpis pretium.",Bedelli,,Cevap vermek istemiyorum,4,4,3,3,3,5,1,1,4,4,4,2,2,1,5,2,2,2,3,1,4,3,5,,,,Güvenlik,Hayvan hakları,2,"Amet sed ultricies vehicula, ac lorem praesent dui vel nec.",72036,culture,
2025-03-17 09:29:23,2025-03-17 09:29:23,Survey Test,,100,0,True,2025-03-17 09:29:23,R_cGCaBu9MgtRtnlY,,,,,,,test,,Erkek,Mauris? Ut tempus dolorem in? Sit vulputate ac leo quam nonummy tortor dolor? Convallis velit.,Hayır,Boşnak,,Kastamonu,Sağ,Hiçbirisi,İşsiz ve iş arayan,Elementum justo morbi eleifend sagittis metus potenti dignissim nec natoque. Consequat.,Cevap vermek istemiyorum,,Cevap vermek istemiyorum,1,5,4,5,4,1,2,3,5,4,1,3,5,4,5,2,1,1,3,5,3,5,3,,Kültür,,,Göç,4,"Eget, porta dolorem platea platea. Lorem. Vivamus sit sodales auctor pretium. Lectus duis. Pharetra.",75214,economy,
2025-03-17 09:29:23,2025-03-17 09:29:23,Survey Test,,100,0,True,2025-03-17 09:29:23,R_38J4VoC972v5udg,,,,,,,test,,Diğer/Cevap vermek istemiyorum,Laoreet risus ac nec. Donec leo molestie interdum culpa? Velit.,Hayır,Boşnak,,Erzincan,Sol,Muhalefet,Emekli,Duis? Suspendisse est massa. Ultrices a lacus vehicula donec sem platea euismod.,Diğer,Curabitur orci fusce justo per proin mattis? Accumsan tellus. Lectus.,Hayır,2,5,1,1,1,2,3,1,4,5,5,3,2,4,2,3,3,2,1,4,3,4,3,,,,,Tıp,4,Dolor proin morbi est accusamus non integer. Montes? Aenean placerat.,62372,placebo,
2025-03-17 09:29:23,2025-03-17 09:29:23,Survey Test,,100,0,True,2025-03-17 09:29:23,R_1IaEwlaQ6aRSTEa,,,,,,,test,,Diğer/Cevap vermek istemiyorum,"Est massa felis fermentum vel mi temporibus, purus vehicula mattis lectus, quam ab tempor magnis.",Hayır,Roman,,Isparta,Ne sağ ne sol,Muhalefet,Yarı zamanlı çalışan,"Consequat malesuada tempus est dui montes magna dignissim, quam! Eu culpa bibendum magna mi.",Cevap vermek istemiyorum,,Hayır,5,2,5,1,3,2,2,1,4,2,3,1,2,2,5,5,1,1,4,2,1,5,5,,,,Ekonomik,Hayvan hakları,1,"Consequat aenean? Eget culpa dignissim eleifend arcu tortor! Accusamus, lorem.",70419,culture,
2025-03-17 09:29:24,2025-03-17 09:29:24,Survey Test,,100,0,True,2025-03-17 09:29:24,R_bDf0RAF2cHuTxK6,,,,,,,test,,Diğer/Cevap vermek istemiyorum,Vulputate magna turpis suscipit sit? Posuere sed lectus pede accumsan urna ab.,Evet,Gürcü,,Ağrı,Sağ,Hiçbirisi,Yarı zamanlı çalışan,Pharetra. Tincidunt ridiculus! Auctor rhoncus. Tincidunt vulputate? Placerat. Facilisi cras turpis.,Bedelli,,Cevap vermek istemiyorum,3,5,3,4,4,5,1,4,2,2,1,4,5,4,4,1,4,3,4,5,1,1,3,,,,,Göç,2,Vestibulum natoque! Massa egestas consequat nonummy phasellus magnis morbi euismod metus facilisi quis! Dui.,51331,placebo,
2025-03-17 09:29:24,2025-03-17 09:29:24,Survey Test,,100,0,True,2025-03-17 09:29:24,R_0wGbUo3dv5YVN4y,,,,,,,test,,Erkek,Posuere fusce luctus consectetuer! Ullamcorper? Tincidunt tempora rutrum primis viverra. Purus arcu.,Evet,Bilmiyorum,,Karabük,Ne sağ ne sol,Muhalefet,Tam zamanlı çalışan/İşyeri sahibi,Egestas integer posuere et posuere magnis donec purus et pretium mattis iaculis? Sollicitudin accumsan.,Diğer,"Sollicitudin magnis, dolor vivamus interdum a? Faucibus. Leo pharetra culpa. Ultrices tempora sapien atque.",Hayır,2,3,4,3,3,1,3,5,3,3,5,1,5,4,3,1,5,2,5,3,3,5,2,,Ekonomi,,,Tıp,1,Placerat risus ultrices. Dictumst in sagittis aliquam erat. Sapien sapien? Faucibus.,13407,economy,
2025-03-17 09:29:24,2025-03-17 09:29:24,Survey Test,,100,0,True,2025-03-17 09:29:24,R_ezZHS9cXwmx4omi,,,,,,,test,,Diğer/Cevap vermek istemiyorum,"Atque? In, malesuada? Consequat dapibus ridiculus. Non metus enim suspendisse pharetra.",Evet,Çerkez,,Siirt,Sağ,Hiçbirisi,Yarı zamanlı çalışan,Rhoncus ante donec augue! Laoreet? Imperdiet morbi faucibus eleifend pretium.,Cevap vermek istemiyorum,,Cevap vermek istemiyorum,3,1,4,5,1,5,4,3,5,5,5,1,1,1,4,4,3,2,3,5,2,3,3,,Güvenlik,,,Göç,1,Magnis pharetra placerat dignissim vitae facilisi blandit metus nunc. Enim.,64538,economy,
2025-03-17 09:29:25,2025-03-17 09:29:25,Survey Test,,100,0,True,2025-03-17 09:29:25,R_6Am4kIZA3VHgBtc,,,,,,,test,,Erkek,"Ut, luctus, orci. Potenti eget iaculis porta integer! Vestibulum per duis fringilla. Vehicula.",Hayır,Roman,,Aksaray,Sağ,Hiçbirisi,Tam zamanlı çalışan/İşyeri sahibi,"Suspendisse ac et sit non velit mattis. Tortor aenean, sit volutpat laoreet. Ante et iaculis.",Diğer,"Natoque potenti dignissim maecenas dapibus, sapien cras facilisi erat morbi. Montes. Luctus nonummy euismod ipsum.",Evet,4,4,2,4,2,4,3,4,4,2,3,3,1,5,5,1,1,2,2,1,4,5,2,,Kültür,,,Göç,1,Curabitur sapien bibendum rutrum! Fringilla. Molestie dapibus ut velit proin! Primis imperdiet.,35702,economy,
2025-03-17 09:29:25,2025-03-17 09:29:25,Survey Test,,100,0,True,2025-03-17 09:29:25,R_d3T81xYQfDPZIDI,,,,,,,test,,Diğer/Cevap vermek istemiyorum,"Purus non culpa dapibus accumsan sit eros aliquam aenean, quis.",Evet,Kürt,,Uşak,Sol,Hükûmet,Emekli,Magna praesent orci dui fermentum. Mauris vestibulum primis tellus faucibus erat tempora elit felis placerat.,Yapma zorunluluğum yok,,Hayır,4,5,2,4,5,1,4,3,1,1,4,4,1,3,4,1,1,4,4,1,3,3,5,,,,Ekonomik,Astronomi,3,"Dolor consequat praesent, purus vel vehicula justo. Nec ligula venenatis? Cras aenean.",55752,culture,
2025-03-17 09:29:25,2025-03-17 09:29:25,Survey Test,,100,0,True,2025-03-17 09:29:25,R_ehyTtM30Rz1dQWi,,,,,,,test,,Diğer/Cevap vermek istemiyorum,"Ut scelerisque odio eleifend id egestas at pharetra, velit odio dolorem.",Evet,Gürcü,,Kırşehir,Sol,Hükûmet,Tam zamanlı çalışan/İşyeri sahibi,Turpis tempora aenean. Gravida nonummy dapibus orci dolorem aenean. Aliquam.,Bedelli,,Cevap vermek istemiyorum,3,3,1,5,1,2,2,2,3,2,3,3,5,3,2,3,2,5,4,4,3,4,2,,,,,Astronomi,2,Atque aliquam sagittis id dignissim leo at vel scelerisque ante.,84272,placebo,
2025-03-17 09:29:26,2025-03-17 09:29:26,Survey Test,,100,0,True,2025-03-17 09:29:26,R_7QaB7sK7sVCfAvs,,,,,,,test,,Kadın,Accumsan nonummy. Tempus. Venenatis sagittis turpis pellentesque id per. Pede! Mi nec.,Hayır,Kürt,,Tunceli,Ne sağ ne sol,Muhalefet,Emekli,"Suspendisse nulla phasellus, lectus at dui lacus. Sodales, venenatis. Vulputate.",Evet (uzun veya kısa dönem),,Cevap vermek istemiyorum,5,5,3,3,4,5,4,1,1,2,5,5,1,2,5,5,5,1,3,5,4,5,3,,,,Kültürel,Tıp,2,"Primis, quis vivamus. Morbi mauris pharetra integer accusamus cras. Aliquam suspendisse maecenas.",95915,culture,
2025-03-17 09:29:26,2025-03-17 09:29:26,Survey Test,,100,0,True,2025-03-17 09:29:26,R_bDBqBj0OO5lA6Gy,,,,,,,test,,Kadın,"Fringilla, etiam. Sed maecenas sapien primis ac placerat mi! Sodales convallis suscipit gravida vel.",Hayır,Gürcü,,Kastamonu,Sağ,Muhalefet,Emekli,"Dolorem donec ut dignissim! Ligula est, erat. Ante nullam! Augue pellentesque.",Bedelli,,Hayır,3,1,2,1,5,5,1,3,4,5,4,4,2,5,4,4,1,2,5,4,5,1,1,Afganistan,,,,Tıp,3,Felis enim ridiculus tempora sapien ab wisi fringilla purus aenean erat.,89566,general,
2025-03-17 09:29:26,2025-03-17 09:29:26,Survey Test,,100,0,True,2025-03-17 09:29:26,R_5yz42nLxPVUpl9s,,,,,,,test,,Erkek,Consectetuer eget suspendisse id ullamcorper aenean vehicula ac massa placerat. Diam rhoncus curabitur.,Evet,Gürcü,,Aksaray,Sol,Hiçbirisi,İşsiz fakat iş aramayan,Metus tempus accusamus pharetra potenti integer nulla non bibendum ullamcorper.,Yapma zorunluluğum yok,,Evet,3,2,5,2,4,5,2,5,3,3,5,2,2,3,2,3,2,5,2,3,3,3,3,,,Kültürel,,Tıp,1,Posuere. Porta diam amet iaculis. Donec fringilla sem venenatis facilisis.,19369,security,
2025-03-17 09:29:27,2025-03-17 09:29:27,Survey Test,,100,0,True,2025-03-17 09:29:27,R_6msK8QZbiEGBtHw,,,,,,,test,,Kadın,Auctor placerat montes? Dapibus platea rhoncus vivamus. Sodales aenean placerat.,Evet,Kürt,,Rize,Sağ,Hiçbirisi,İşsiz ve iş arayan,Dapibus risus ante tempus malesuada suspendisse! Dolorem tempora aenean rhoncus neque morbi.,Bedelli,,Evet,2,2,5,4,5,5,2,4,3,4,1,4,4,4,1,4,3,4,3,2,5,5,3,,,Güvenlik,,Göç,1,Potenti per sem pharetra bibendum sollicitudin tortor quam. Vel neque! Fusce ridiculus culpa. Bibendum ultricies.,75125,security,
2025-03-17 09:29:27,2025-03-17 09:29:27,Survey Test,,100,0,True,2025-03-17 09:29:27,R_a9m5jgul03ghgrk,,,,,,,test,,Kadın,Vel consectetuer pretium accumsan a a interdum mauris? Molestie fermentum pede.,Evet,Kürt,,Yozgat,Ne sağ ne sol,Muhalefet,İşsiz fakat iş aramayan,"Interdum mattis? Ultrices justo duis, euismod vehicula platea? Id facilisi in.",Diğer,Mattis! Pretium. Proin mi fringilla rhoncus pretium? Eleifend ante massa lacus.,Cevap vermek istemiyorum,2,5,1,3,3,1,1,1,3,2,3,3,3,2,1,1,1,2,3,2,1,5,3,,Kültür,,,Tıp,1,Cras. Atque ullamcorper augue euismod! Facilisis imperdiet mauris duis morbi? Rutrum vitae.,34382,economy,
2025-03-17 09:29:27,2025-03-17 09:29:27,Survey Test,,100,0,True,2025-03-17 09:29:28,R_1RKMLdHfnKFYTCS,,,,,,,test,,Diğer/Cevap vermek istemiyorum,Id mi. Blandit nunc risus sed! Magna faucibus amet! Ligula cursus. Eros.,Hayır,Boşnak,,Çanakkale,Sağ,Hükûmet,Yarı zamanlı çalışan,Orci at. Tempor sagittis duis urna ullamcorper per accusamus risus. Laoreet.,Diğer,Aliquam vivamus! Velit quam. Nunc ut bibendum potenti auctor natoque. Venenatis turpis.,Cevap vermek istemiyorum,5,5,2,3,2,2,5,4,4,4,2,5,3,3,3,3,2,3,3,4,5,1,1,,,Ekonomik,,Astronomi,3,Nunc ligula est. Imperdiet! Ab posuere! Facilisi vel quam non! Rutrum vivamus? Ullamcorper facilisis.,68792,security,
2025-03-17 09:29:28,2025-03-17 09:29:28,Survey Test,,100,0,True,2025-03-17 09:29:28,R_79ABdG1lfwtXoVg,,,,,,,test,,Kadın,Tempor risus sed praesent cursus at commodo eget augue eros leo dolorem.,Evet,Boşnak,,Samsun,Ne sağ ne sol,Muhalefet,İşsiz ve iş arayan,At fusce eget montes amet laoreet cras! Eu! Atque massa.,Cevap vermek istemiyorum,,Evet,4,4,4,1,3,1,1,5,5,4,1,3,2,5,1,3,1,5,2,1,1,1,5,,Güvenlik,,,Göç,1,Id eleifend suspendisse curabitur! Dolorem volutpat mattis at? Ultricies per sem? Magna.,77084,economy,
2025-03-17 09:29:28,2025-03-17 09:29:28,Survey Test,,100,0,True,2025-03-17 09:29:28,R_db6b45WSrTn0akC,,,,,,,test,,Erkek,Consectetuer tortor bibendum leo? Ante nulla ultrices? Platea nunc mi.,Hayır,Roman,,Eskişehir,Ne sağ ne sol,Hiçbirisi,İşsiz ve iş arayan,Ridiculus purus atque pede justo cursus. Sem fringilla! Odio augue primis rhoncus. Sapien.,Yapma zorunluluğum yok,,Hayır,1,1,4,4,2,1,3,4,2,2,3,2,3,5,2,3,3,3,3,5,4,1,1,,,,Güvenlik,Göç,1,Montes tellus. Ridiculus non dapibus mattis risus viverra purus? Eleifend ut phasellus volutpat morbi nec.,78514,culture,
2025-03-17 09:29:28,2025-03-17 09:29:28,Survey Test,,100,0,True,2025-03-17 09:29:29,R_6CYC02oC5xWPLYa,,,,,,,test,,Erkek,Natoque eleifend morbi nonummy integer ullamcorper erat laoreet montes purus quam.,Hayır,Türk,,Bitlis,Ne sağ ne sol,Muhalefet,Yarı zamanlı çalışan,"Suspendisse tortor ac? Orci, iaculis tempora integer proin, phasellus id luctus, ridiculus eget ac.",Evet (uzun veya kısa dönem),,Hayır,1,3,5,3,1,5,3,5,3,1,2,3,3,2,3,4,3,2,5,4,3,5,1,,,,,Tıp,3,"Urna iaculis praesent? Proin nulla! Suspendisse gravida nunc eget, velit porttitor pretium vel pellentesque purus.",14118,placebo,
2025-03-17 09:29:29,2025-03-17 09:29:29,Survey Test,,100,0,True,2025-03-17 09:29:29,R_0lfOkPo6W5AhAKG,,,,,,,test,,Kadın,Nonummy nibh lectus! Arcu eu ac auctor. Nec. Viverra? Arcu lorem enim.,Hayır,Türk,,Siirt,Sol,Hükûmet,Tam zamanlı çalışan/İşyeri sahibi,"Porta accumsan tortor lacus nibh arcu sed accumsan, lacus. Erat per ac, viverra rhoncus.",Bedelli,,Hayır,5,3,3,5,2,1,3,4,4,2,1,4,2,1,4,2,4,4,1,2,1,5,1,,,,Ekonomik,Astronomi,4,"Tempus nibh nibh viverra per pede euismod sagittis? Morbi arcu commodo sollicitudin malesuada, metus metus.",68582,culture,
2025-03-17 09:29:29,2025-03-17 09:29:29,Survey Test,,100,0,True,2025-03-17 09:29:29,R_9G0WuHgRY5dUVQa,,,,,,,test,,Kadın,"Temporibus nibh augue imperdiet fringilla bibendum aenean consequat dictumst curabitur iaculis, malesuada aliquam? Suspendisse.",Hayır,Gürcü,,Kocaeli,Sol,Hükûmet,Emekli,Primis turpis praesent. Ipsum neque gravida aliquet commodo lectus nulla blandit posuere non? Eros.,Cevap vermek istemiyorum,,Evet,3,4,4,4,2,2,1,3,4,3,4,5,5,5,2,5,2,1,3,3,1,5,2,,Güvenlik,,,Astronomi,3,"Eu. Interdum auctor quis laoreet fringilla! Eleifend nec, molestie quis interdum suscipit.",80883,economy,
2025-03-17 09:29:29,2025-03-17 09:29:30,Survey Test,,100,1,True,2025-03-17 09:29:30,R_55ZgaiMTAqI5Mk6,,,,,,,test,,Diğer/Cevap vermek istemiyorum,Leo tellus convallis eget venenatis cursus rhoncus temporibus tempora tempor temporibus mattis. Ridiculus.,Evet,Diğer (lütfen belirtiniz),Pellentesque natoque eleifend pellentesque. Natoque volutpat eu magnis consequat egestas metus risus.,Ağrı,Sol,Muhalefet,Yarı zamanlı çalışan,Dolorem suscipit dictumst! Imperdiet amet arcu interdum viverra fringilla nonummy blandit nulla.,Cevap vermek istemiyorum,,Hayır,2,5,3,2,5,3,3,4,3,1,4,1,2,2,5,4,2,4,3,4,1,3,5,,,,Güvenlik,Hayvan hakları,4,Laoreet a duis faucibus laoreet. Maecenas. Duis rutrum iaculis. Leo tortor lorem tincidunt.,41561,culture,
2025-03-17 09:29:30,2025-03-17 09:29:30,Survey Test,,100,0,True,2025-03-17 09:29:30,R_0OpHntLsjLiVgRE,,,,,,,test,,Kadın,Sapien curabitur urna augue interdum neque. Sollicitudin sollicitudin lectus. Tempus. Erat wisi.,Evet,Boşnak,,Karabük,Sağ,Hiçbirisi,Tam zamanlı çalışan/İşyeri sahibi,Tempora dolor? Massa massa wisi enim? Vel tempor tempus? Facilisi justo dignissim in curabitur massa.,Evet (uzun veya kısa dönem),,Cevap vermek istemiyorum,2,3,1,5,5,5,5,5,4,2,3,4,4,4,4,5,2,1,3,1,3,3,1,,,Kültürel,,Hayvan hakları,1,"Primis vel ligula, felis quam rutrum diam praesent malesuada. Urna pellentesque laoreet iaculis sagittis.",72762,security,
2025-03-17 09:29:30,2025-03-17 09:29:30,Survey Test,,100,0,True,2025-03-17 09:29:30,R_4IorRkPfcXAOx0y,,,,,,,test,,Diğer/Cevap vermek istemiyorum,Commodo? Potenti porttitor posuere facilisi ab eget facilisi vehicula nonummy aliquam.,Evet,Arap,,Malatya,Sol,Hiçbirisi,İşsiz ve iş arayan,Cras lorem consequat egestas. Accumsan! Consequat arcu. Primis. Sollicitudin pede felis eu.,Yapma zorunluluğum yok,,Evet,1,2,3,2,5,2,4,2,3,5,4,1,2,1,5,5,1,5,5,3,4,1,2,,,Kültürel,,Hayvan hakları,3,Duis a! Ante tempus amet metus tempora. Lorem iaculis laoreet? Ipsum eu.,22721,security,
2025-03-17 09:29:31,2025-03-17 09:29:31,Survey Test,,100,0,True,2025-03-17 09:29:31,R_b7yHvlHou2sU6cS,,,,,,,test,,Kadın,"Vel donec tortor quam platea commodo, volutpat morbi sem nunc tempora.",Evet,Gürcü,,Ardahan,Sağ,Hiçbirisi,İşsiz fakat iş aramayan,Rutrum mattis bibendum tempora dictumst sem pharetra metus metus magna commodo.,Diğer,Nibh ultricies. Fringilla eleifend! Arcu dictumst. Fermentum bibendum culpa tempora.,Hayır,5,5,2,5,5,3,1,5,4,2,5,4,3,5,2,5,4,2,3,2,4,1,5,,,Güvenlik,,Göç,3,Mattis. Amet bibendum blandit. Atque dolor rutrum? Sit convallis justo.,74697,security,
2025-03-17 09:29:31,2025-03-17 09:29:31,Survey Test,,100,0,True,2025-03-17 09:29:31,R_0GnALfHYLQgUET4,,,,,,,test,,Kadın,"Vivamus, culpa aliquet nec viverra aenean est fusce montes, vitae ultricies, vehicula vitae.",Hayır,Laz,,Adıyaman,Ne sağ ne sol,Muhalefet,Tam zamanlı çalışan/İşyeri sahibi,Accumsan! Accumsan nunc. Tempus? Wisi convallis a arcu tellus primis fermentum fermentum convallis diam neque.,Yapma zorunluluğum yok,,Hayır,2,4,1,3,3,1,1,3,3,5,1,2,2,1,2,4,5,1,2,5,4,2,1,,Ekonomi,,,Astronomi,2,Quis eleifend potenti rutrum et tempor? Nonummy purus viverra pharetra temporibus accumsan nonummy.,17050,economy,
2025-03-17 09:29:31,2025-03-17 09:29:31,Survey Test,,100,0,True,2025-03-17 09:29:32,R_b9oGmgdh0wjTJjM,,,,,,,test,,Diğer/Cevap vermek istemiyorum,Convallis quam eleifend. Primis ligula consectetuer tellus egestas? Ultricies eu malesuada! Cras.,Evet,Gürcü,,Giresun,Sağ,Muhalefet,Tam zamanlı çalışan/İşyeri sahibi,"Odio velit suscipit aliquet. Iaculis, dui malesuada accusamus primis quis. Eget fermentum.",Bedelli,,Hayır,3,4,1,2,1,2,1,4,5,2,3,4,2,3,1,2,3,2,3,3,4,1,3,,,,Kültürel,Hayvan hakları,4,Turpis ligula natoque? Non culpa sollicitudin nunc ab pharetra sit laoreet.,61410,culture,
2025-03-17 09:29:32,2025-03-17 09:29:32,Survey Test,,100,0,True,2025-03-17 09:29:32,R_bBm9nVoDUwGhq62,,,,,,,test,,Diğer/Cevap vermek istemiyorum,Metus dapibus pede auctor suscipit primis etiam venenatis accumsan facilisis? Culpa cursus turpis.,Hayır,Cevap vermek istemiyorum,,Zonguldak,Sağ,Hükûmet,İşsiz ve iş arayan,"Atque, malesuada tempora. Fermentum justo. Sagittis et mattis ligula primis sem! Per posuere.",Evet (uzun veya kısa dönem),,Hayır,3,3,4,5,3,1,3,3,5,1,2,4,1,5,3,1,4,1,5,5,4,5,5,,,,,Göç,4,Sagittis odio morbi odio nonummy? Convallis. Dolor mi tempor ante phasellus amet.,74775,placebo,
2025-03-17 09:29:32,2025-03-17 09:29:32,Survey Test,,100,0,True,2025-03-17 09:29:32,R_bfoEblGMmMpciXQ,,,,,,,test,,Kadın,"Vivamus tellus! Eros tempus et luctus pede suspendisse vulputate per lacus vestibulum, eleifend cras cras.",Evet,Cevap vermek istemiyorum,,Kütahya,Ne sağ ne sol,Hükûmet,İşsiz fakat iş aramayan,Montes malesuada vulputate. A? Ac id mauris non wisi? Fusce euismod arcu.,Diğer,"Purus, eget, posuere venenatis ligula proin lorem platea natoque. Pede? In? Vulputate.",Hayır,5,5,1,1,1,1,2,4,4,1,1,4,5,1,5,1,2,2,3,2,1,4,4,,,,Kültürel,Astronomi,1,Ab vivamus venenatis aliquam! Erat integer vestibulum per nonummy sed. Pharetra dapibus ligula porttitor cras.,93672,culture,
2025-03-17 09:29:32,2025-03-17 09:29:32,Survey Test,,100,0,True,2025-03-17 09:29:33,R_6gTkcMCcelUkPNc,,,,,,,test,,Erkek,"Id bibendum wisi amet! Accusamus orci diam tincidunt. Eget consequat, metus commodo dignissim.",Hayır,Gürcü,,Sinop,Sol,Hiçbirisi,İşsiz fakat iş aramayan,"Lacus. Diam dapibus? Augue. Imperdiet non donec sit luctus, praesent ac magna, velit ac rutrum.",Evet (uzun veya kısa dönem),,Hayır,5,1,4,2,3,5,1,3,2,3,3,2,4,3,5,5,1,1,4,1,5,4,5,,,Ekonomik,,Göç,1,"Dignissim etiam. Tempor nulla enim potenti. Suspendisse, posuere, pharetra proin? Ullamcorper! Platea nulla scelerisque.",47447,security,
2025-03-17 09:29:33,2025-03-17 09:29:33,Survey Test,,100,0,True,2025-03-17 09:29:33,R_aXkOKVyGZrPibQO,,,,,,,test,,Erkek,Euismod massa. Wisi volutpat dictumst vitae lorem nibh potenti dictumst consequat? Potenti porta scelerisque.,Evet,Kürt,,Konya,Ne sağ ne sol,Hiçbirisi,Yarı zamanlı çalışan,"Morbi, ligula consectetuer integer aenean, enim ac. Aliquet dignissim. Iaculis morbi platea bibendum.",Diğer,"Per interdum fusce vestibulum egestas aenean eros sit metus ultricies vel, nec pede.",Evet,2,5,2,2,1,1,3,4,2,2,2,3,1,5,3,3,2,1,5,4,3,3,5,,Ekonomi,,,Hayvan hakları,3,Massa wisi. Rutrum odio porttitor dignissim blandit sodales suspendisse. Eleifend.,14171,economy,
2025-03-17 09:29:33,2025-03-17 09:29:33,Survey Test,,100,0,True,2025-03-17 09:29:33,R_03bOV1HfOBhK2Pk,,,,,,,test,,Erkek,"Gravida. Commodo ullamcorper, praesent vestibulum montes accumsan nulla eleifend vivamus aliquam nunc aenean placerat.",Evet,Gürcü,,Batman,Sol,Muhalefet,Yarı zamanlı çalışan,"Fermentum quis potenti et imperdiet justo euismod. Praesent primis bibendum cras. Lorem curabitur, eu sapien.",Yapma zorunluluğum yok,,Hayır,1,4,4,2,4,3,5,4,3,1,4,4,3,1,5,1,5,5,2,3,2,3,3,,,,Güvenlik,Hayvan hakları,4,"Per pretium culpa nulla! Posuere quam sapien et, morbi molestie mi est mi.",17321,culture,
2025-03-17 09:29:33,2025-03-17 09:29:33,Survey Test,,100,0,True,2025-03-17 09:29:34,R_6Ro23UIQK94G1lc,,,,,,,test,,Erkek,"Nulla malesuada, integer lorem metus odio lectus. Est nulla. Et accumsan! Augue ab proin.",Hayır,Boşnak,,Isparta,Ne sağ ne sol,Muhalefet,Tam zamanlı çalışan/İşyeri sahibi,"Magnis maecenas ultricies magnis consectetuer, elementum vel ac ridiculus ac turpis! Cras mi curabitur convallis.",Yapma zorunluluğum yok,,Cevap vermek istemiyorum,1,4,4,3,3,4,1,3,1,5,5,1,3,3,3,5,5,2,5,3,3,5,5,,,,Güvenlik,Astronomi,2,"Ultricies porttitor sagittis. Justo sem nullam. Quis ligula rutrum quis cras, accusamus pellentesque accumsan.",79525,culture,
2025-03-17 09:29:34,2025-03-17 09:29:34,Survey Test,,100,0,True,2025-03-17 09:29:34,R_6yDHN95GR0EaKdE,,,,,,,test,,Erkek,"Justo rutrum vestibulum sagittis, ab quam! Risus imperdiet? Elementum. Pharetra cursus.",Hayır,Laz,,Tunceli,Sol,Muhalefet,Emekli,Praesent ultricies sodales felis sodales quam pharetra phasellus malesuada. Cras magna. Tellus metus curabitur egestas.,Bedelli,,Cevap vermek istemiyorum,4,5,4,1,3,5,1,1,1,2,2,2,5,4,2,5,1,3,2,4,5,5,5,Ukrayna,,,,Göç,2,Aliquet porttitor. Orci convallis pretium pellentesque? Mauris tempora malesuada. Sollicitudin molestie tincidunt eu.,77259,general,
2025-03-17 09:29:34,2025-03-17 09:29:34,Survey Test,,100,0,True,2025-03-17 09:29:34,R_25WOCjJUMYAKOP4,,,,,,,test,,Kadın,"Ipsum erat nulla auctor tincidunt suspendisse in rhoncus? A, ultricies! Neque curabitur.",Evet,Diğer (lütfen belirtiniz),Velit non ridiculus ab mattis potenti non nullam sodales tempora facilisi potenti felis.,Mardin,Sol,Hiçbirisi,Tam zamanlı çalışan/İşyeri sahibi,Rhoncus proin eros erat eros id egestas convallis pharetra. Volutpat.,Cevap vermek istemiyorum,,Hayır,2,4,2,2,3,2,4,1,2,2,1,4,2,1,5,4,4,1,5,4,4,3,5,,,,,Hayvan hakları,3,"Ultricies lacus duis! Augue nulla phasellus. Gravida rhoncus ab? Posuere, ullamcorper justo fringilla sed.",85398,placebo,
2025-03-17 09:29:34,2025-03-17 09:29:34,Survey Test,,100,0,True,2025-03-17 09:29:35,R_8IeYxMQdOJwJSYu,,,,,,,test,,Erkek,Ridiculus wisi? Mauris ut quam potenti vivamus. Nunc tincidunt aliquet.,Evet,Boşnak,,Bayburt,Sağ,Hükûmet,Yarı zamanlı çalışan,"Ridiculus ullamcorper neque, tempora vulputate egestas imperdiet justo purus. Magna rhoncus? Suspendisse eget sed.",Cevap vermek istemiyorum,,Hayır,4,5,3,2,4,2,4,3,1,2,2,4,2,5,3,5,4,1,5,2,1,2,5,,,Ekonomik,,Astronomi,4,Turpis integer felis at dictumst culpa volutpat? Risus posuere rutrum.,36199,security,
2025-03-17 09:29:35,2025-03-17 09:29:35,Survey Test,,100,0,True,2025-03-17 09:29:35,R_dm3biDZXShA7OrY,,,,,,,test,,Diğer/Cevap vermek istemiyorum,Interdum proin fusce? Tincidunt suscipit sollicitudin venenatis in venenatis vestibulum! Vivamus.,Evet,Boşnak,,Nevşehir,Sol,Muhalefet,Tam zamanlı çalışan/İşyeri sahibi,Risus ac? Odio tempor commodo? Praesent. Gravida sem ultrices dolorem magnis velit etiam.,Evet (uzun veya kısa dönem),,Cevap vermek istemiyorum,2,5,1,1,1,4,4,3,2,4,1,2,3,2,5,2,5,1,2,3,5,2,1,Suriye,,,,Astronomi,4,"Ut sem. Lorem egestas aenean commodo, aliquam in pede pharetra pede bibendum.",86295,general,
2025-03-17 09:29:35,2025-03-17 09:29:35,Survey Test,,100,0,True,2025-03-17 09:29:35,R_7aIn8QLH7JYjxxI,,,,,,,test,,Kadın,"Porta! Integer, maecenas nulla cras ac fusce sagittis, a platea malesuada rutrum. Viverra blandit.",Evet,Roman,,Erzincan,Sağ,Hükûmet,Yarı zamanlı çalışan,Volutpat mi! Magna risus facilisis! Tincidunt cursus dolorem! Ipsum porta.,Yapma zorunluluğum yok,,Evet,3,1,5,5,5,4,5,2,4,3,1,2,1,3,2,1,5,3,2,5,5,1,1,Ukrayna,,,,Tıp,2,Magnis cras porttitor dapibus amet potenti molestie. Pharetra suscipit urna! Donec.,35762,general,
2025-03-17 09:29:35,2025-03-17 09:29:36,Survey Test,,100,1,True,2025-03-17 09:29:36,R_d51rGPFcoZYjM4S,,,,,,,test,,Kadın,Eu? Tortor? Lacus urna turpis dapibus placerat platea quis fusce ab orci curabitur imperdiet.,Evet,Boşnak,,Kocaeli,Sol,Hükûmet,Tam zamanlı çalışan/İşyeri sahibi,Blandit? Lorem. Pede et vitae euismod. Viverra commodo ligula velit elementum elit fusce.,Yapma zorunluluğum yok,,Evet,4,5,3,5,2,3,3,4,2,3,3,2,5,1,4,4,4,3,4,1,3,2,3,,,Güvenlik,,Göç,4,Atque commodo donec sapien ac duis sollicitudin duis vulputate erat.,98084,security,
2025-03-17 09:29:36,2025-03-17 09:29:36,Survey Test,,100,0,True,2025-03-17 09:29:36,R_6J4O6Xxta6JnGD4,,,,,,,test,,Kadın,Egestas risus ipsum gravida! Iaculis in. Iaculis ac sem ut magna aliquet. Faucibus.,Evet,Cevap vermek istemiyorum,,Kayseri,Sol,Muhalefet,İşsiz fakat iş aramayan,Ultricies blandit eget? Ultricies viverra morbi magna sagittis viverra urna.,Yapma zorunluluğum yok,,Evet,3,4,2,4,5,5,1,3,3,3,3,5,5,1,5,4,5,1,3,2,4,1,1,,,,Ekonomik,Tıp,1,"Ac tincidunt aliquet magna viverra aliquam lacus vestibulum aenean donec, erat consequat montes.",16281,culture,
2025-03-17 09:29:36,2025-03-17 09:29:36,Survey Test,,100,0,True,2025-03-17 09:29:36,R_db76cibsfS4kJ0y,,,,,,,test,,Diğer/Cevap vermek istemiyorum,Malesuada. Egestas suscipit aenean tempor fusce fermentum placerat porta per.,Evet,Gürcü,,Zonguldak,Sağ,Muhalefet,İşsiz fakat iş aramayan,"Orci egestas. Nullam commodo. Accusamus, sodales. Consequat ac sodales eros fermentum ligula amet.",Cevap vermek istemiyorum,,Cevap vermek istemiyorum,2,5,3,5,4,3,1,1,3,1,2,2,5,3,5,5,2,3,3,4,2,1,4,,Ekonomi,,,Tıp,3,"Malesuada? Venenatis gravida. Primis wisi sapien lacus risus nec sapien? Lorem scelerisque, sed.",80197,economy,
2025-03-17 09:29:36,2025-03-17 09:29:37,Survey Test,,100,1,True,2025-03-17 09:29:37,R_dht2dEbb8SlyL30,,,,,,,test,,Diğer/Cevap vermek istemiyorum,Est non pede erat ipsum est? Posuere fringilla! Temporibus rhoncus.,Hayır,Türk,,Manisa,Sol,Hiçbirisi,Tam zamanlı çalışan/İşyeri sahibi,Tincidunt felis sem? Ac etiam blandit rutrum nonummy diam atque? Duis pellentesque! Elit.,Evet (uzun veya kısa dönem),,Hayır,1,2,1,1,2,2,5,5,4,5,4,3,2,4,1,1,1,2,1,1,1,4,1,,Güvenlik,,,Tıp,1,Justo! Elementum. Risus pretium odio suspendisse pellentesque? Euismod consectetuer at. Sollicitudin sem egestas eu euismod.,12135,economy,
2025-03-17 09:29:37,2025-03-17 09:29:37,Survey Test,,100,0,True,2025-03-17 09:29:37,R_4Z2ElYcrWnFKAM6,,,,,,,test,,Erkek,Luctus eleifend duis vestibulum posuere ridiculus erat. Nunc tempora? Laoreet elementum.,Evet,Çerkez,,Kocaeli,Sol,Hükûmet,Tam zamanlı çalışan/İşyeri sahibi,"Dignissim felis odio primis malesuada vestibulum porttitor nunc, vivamus iaculis, venenatis.",Diğer,"Ut! Lectus id purus maecenas, ac non morbi quis venenatis potenti aliquet.",Cevap vermek istemiyorum,1,4,5,2,3,5,2,4,1,1,2,1,2,4,3,4,4,3,1,5,5,3,3,,,,,Göç,3,Urna tempus laoreet etiam etiam auctor. Accumsan gravida primis! Sit interdum massa velit felis.,70110,placebo,
2025-03-17 09:29:37,2025-03-17 09:29:37,Survey Test,,100,0,True,2025-03-17 09:29:37,R_9KxUKTGrXoycUPY,,,,,,,test,,Diğer/Cevap vermek istemiyorum,"Diam orci laoreet imperdiet. Auctor ligula maecenas sem etiam! Diam accumsan dictumst nec ac, pretium.",Evet,Arap,,Elazığ,Ne sağ ne sol,Muhalefet,İşsiz ve iş arayan,"Ab vel aliquam. Quam posuere posuere ac, eu sollicitudin eleifend bibendum.",Evet (uzun veya kısa dönem),,Cevap vermek istemiyorum,4,1,4,3,4,5,1,3,3,5,3,5,3,3,3,5,5,2,2,2,2,5,5,,,,,Hayvan hakları,2,Vulputate sed aliquet maecenas! Luctus nunc rutrum! Vestibulum metus magnis per.,31035,placebo,
2025-03-17 09:29:37,2025-03-17 09:29:38,Survey Test,,100,1,True,2025-03-17 09:29:38,R_1Lj8UUIayQzJGVU,,,,,,,test,,Kadın,Placerat bibendum dui odio aliquam ligula potenti accumsan. Ab per fringilla.,Evet,Arap,,Aydın,Ne sağ ne sol,Muhalefet,Tam zamanlı çalışan/İşyeri sahibi,"Montes natoque, bibendum suspendisse non ipsum magnis placerat? Vitae aliquam? Tincidunt.",Bedelli,,Evet,2,5,1,2,2,3,2,1,3,3,2,2,3,5,4,1,1,2,5,3,1,3,4,,Güvenlik,,,Hayvan hakları,2,"Suspendisse? Ipsum risus platea ligula porta, elementum accumsan dolor tortor vulputate in egestas mi.",91811,economy,
2025-03-17 09:29:38,2025-03-17 09:29:38,Survey Test,,100,0,True,2025-03-17 09:29:38,R_41Px1iOVRRGMaW2,,,,,,,test,,Erkek,Curabitur. Phasellus volutpat sapien ab nunc a nec vivamus sed.,Hayır,Gürcü,,Burdur,Sol,Hükûmet,Yarı zamanlı çalışan,Porttitor! Placerat. Rhoncus ante vivamus augue etiam commodo nec est commodo.,Diğer,"Ullamcorper, laoreet. Lorem rutrum aliquam vivamus potenti orci amet sit fermentum per.",Hayır,4,5,5,3,4,5,2,1,3,2,3,2,4,4,2,2,1,5,5,3,3,2,3,Afganistan,,,,Tıp,2,Dapibus iaculis sem id? Sem fusce elit amet tempora aenean orci pellentesque.,89475,general,
2025-03-17 09:29:38,2025-03-17 09:29:38,Survey Test,,100,0,True,2025-03-17 09:29:38,R_1HvuneypLMXPuQe,,,,,,,test,,Erkek,Eleifend. Culpa pellentesque! Consequat molestie nec! Duis. Sit massa dolorem eu curabitur.,Hayır,Boşnak,,Çanakkale,Sol,Hiçbirisi,Yarı zamanlı çalışan,"Et venenatis vitae, sit lacus elit eros convallis mauris ac.",Diğer,Per auctor fusce platea. Bibendum ac aenean sapien. Justo tempor dui amet amet.,Evet,3,5,5,1,2,2,5,3,1,3,4,1,3,4,2,4,2,5,1,3,2,4,3,,Kültür,,,Astronomi,1,Curabitur cras vivamus eleifend tempus! Metus tempora dolorem vehicula laoreet leo facilisi.,51466,economy,
2025-03-17 09:29:38,2025-03-17 09:29:39,Survey Test,,100,1,True,2025-03-17 09:29:39,R_4ORkGPeUP6o5TKu,,,,,,,test,,Erkek,Aliquam blandit? Ante. Facilisi! Laoreet rhoncus placerat rhoncus montes eleifend natoque auctor. Pede nonummy suscipit.,Hayır,Cevap vermek istemiyorum,,Eskişehir,Sağ,Muhalefet,Tam zamanlı çalışan/İşyeri sahibi,"Diam mi venenatis, sem sem montes bibendum porttitor erat nullam.",Cevap vermek istemiyorum,,Cevap vermek istemiyorum,5,5,5,5,3,3,4,4,3,1,2,4,5,1,1,1,3,2,2,3,2,1,4,,,Güvenlik,,Göç,3,Sem vestibulum curabitur velit luctus sodales fringilla justo quam quis? Pellentesque ridiculus at.,53943,security,
2025-03-17 09:29:39,2025-03-17 09:29:39,Survey Test,,100,0,True,2025-03-17 09:29:39,R_1BNR7fPNuPXRX3E,,,,,,,test,,Erkek,Ullamcorper nullam a dolorem pellentesque gravida atque dolorem in eleifend sapien. Iaculis. Porttitor. Suspendisse! Interdum.,Evet,Roman,,Aydın,Ne sağ ne sol,Hiçbirisi,Emekli,"Et aliquam dapibus tempora, urna proin pretium nunc iaculis at leo.",Yapma zorunluluğum yok,,Evet,1,1,4,5,5,5,5,1,4,5,1,3,1,5,1,1,2,2,3,2,5,5,1,,,,,Astronomi,3,"Eu accusamus, eget vehicula viverra nunc faucibus tempora, pretium! Posuere aliquet, accusamus.",99806,placebo,
2025-03-17 09:29:39,2025-03-17 09:29:40,Survey Test,,100,1,True,2025-03-17 09:29:40,R_7QzP9NfLT9MNPBs,,,,,,,test,,Kadın,Praesent nonummy vivamus aliquet etiam turpis. Nulla massa ullamcorper dolor temporibus.,Hayır,Bilmiyorum,,Düzce,Sol,Hiçbirisi,Emekli,"Vivamus. Imperdiet facilisi, natoque faucibus luctus non tellus velit! Ac montes tempus ultrices! Iaculis sapien.",Evet (uzun veya kısa dönem),,Hayır,2,3,4,1,4,3,5,2,1,5,1,1,1,3,3,2,3,5,3,1,4,4,3,,,Kültürel,,Astronomi,1,Tincidunt eu mi fermentum fermentum faucibus massa sollicitudin nullam tortor. Suspendisse.,72951,security,
2025-03-17 09:29:40,2025-03-17 09:29:40,Survey Test,,100,0,True,2025-03-17 09:29:40,R_3q1WvpjI6dr5lYO,,,,,,,test,,Kadın,"Lacus nunc etiam urna malesuada? Diam eros, integer et vestibulum odio.",Evet,Diğer (lütfen belirtiniz),Per suspendisse dolor fringilla consectetuer imperdiet viverra scelerisque phasellus primis! Maecenas praesent. Iaculis.,Manisa,Ne sağ ne sol,Hükûmet,Tam zamanlı çalışan/İşyeri sahibi,"Purus a posuere scelerisque integer vestibulum? Nec a, egestas consequat faucibus tincidunt nulla leo.",Cevap vermek istemiyorum,,Cevap vermek istemiyorum,3,4,3,1,2,2,5,5,2,2,1,3,4,3,4,5,3,2,5,4,3,1,1,Suriye,,,,Hayvan hakları,4,"Per pretium euismod, venenatis wisi ut. Primis sed viverra. Pretium leo. Lorem. Bibendum. Lectus malesuada.",44340,general,
2025-03-17 09:29:40,2025-03-17 09:29:40,Survey Test,,100,0,True,2025-03-17 09:29:40,R_cI85VAoDrIswAqq,,,,,,,test,,Erkek,Curabitur sem? Iaculis fermentum porttitor integer odio vulputate tempus sollicitudin.,Evet,Roman,,Siirt,Sol,Hükûmet,İşsiz fakat iş aramayan,"Elit felis sem etiam iaculis pede vitae neque fusce. Per? Potenti, vulputate tincidunt.",Evet (uzun veya kısa dönem),,Cevap vermek istemiyorum,2,5,2,3,4,5,4,4,4,5,4,2,1,4,3,2,5,2,2,4,1,3,5,Afganistan,,,,Hayvan hakları,4,Egestas turpis sapien nibh et accumsan. Commodo odio vulputate et nonummy? Malesuada sed.,71769,general,
2025-03-17 09:29:41,2025-03-17 09:29:41,Survey Test,,100,0,True,2025-03-17 09:29:41,R_0kZOpBg77JX0pfw,,,,,,,test,,Kadın,"Lectus ullamcorper, amet tellus commodo wisi magnis vulputate integer vivamus egestas vel ullamcorper.",Evet,Roman,,Çanakkale,Sol,Hiçbirisi,İşsiz ve iş arayan,Nibh wisi! Facilisi maecenas gravida magnis egestas sagittis porta? Viverra ullamcorper.,Cevap vermek istemiyorum,,Evet,2,2,4,2,1,2,5,3,1,5,5,1,1,4,5,1,5,3,1,4,2,3,1,Ukrayna,,,,Hayvan hakları,4,"Arcu tortor. Eget pede phasellus dolor eleifend! Tempora elementum, tortor aliquam.",60088,general,
2025-03-17 09:29:41,2025-03-17 09:29:41,Survey Test,,100,0,True,2025-03-17 09:29:41,R_1MiIyCzGtROgyUu,,,,,,,test,,Diğer/Cevap vermek istemiyorum,"Pretium platea consectetuer facilisi tellus. Phasellus integer ac erat? Porta, posuere.",Hayır,Diğer (lütfen belirtiniz),Augue tempus placerat tempus etiam ridiculus blandit aliquet malesuada tempora velit eleifend viverra praesent sapien.,Nevşehir,Sol,Hiçbirisi,İşsiz ve iş arayan,Vulputate posuere! Morbi mauris molestie elit a scelerisque scelerisque tempor quam.,Cevap vermek istemiyorum,,Hayır,3,1,5,1,5,4,2,3,4,2,3,2,5,5,5,1,1,3,2,5,3,4,1,,,,,Hayvan hakları,3,Dolorem temporibus arcu. Platea auctor facilisi montes natoque accusamus placerat magnis aliquam. Etiam erat.,99339,placebo,
2025-03-17 09:29:41,2025-03-17 09:29:41,Survey Test,,100,0,True,2025-03-17 09:29:42,R_cIMSvjcEA8LkpEi,,,,,,,test,,Diğer/Cevap vermek istemiyorum,Donec velit rhoncus augue quam ultrices ante facilisi purus maecenas at turpis morbi! Ab.,Hayır,Çerkez,,Çankırı,Sol,Hükûmet,İşsiz fakat iş aramayan,Integer vehicula nibh eleifend sem. Atque dolorem mauris! Curabitur praesent.,Yapma zorunluluğum yok,,Hayır,2,2,4,5,4,5,4,3,5,4,2,1,3,2,5,4,2,1,5,4,5,4,3,Afganistan,,,,Göç,2,"Sapien sapien metus euismod venenatis! Nullam facilisi. Lorem ullamcorper. Donec ab magna, atque! Accusamus aliquet.",37027,general,
2025-03-17 09:29:42,2025-03-17 09:29:42,Survey Test,,100,0,True,2025-03-17 09:29:42,R_0UOiAVLMKjzQRca,,,,,,,test,,Kadın,Facilisis. Dui mattis laoreet pellentesque tincidunt tellus lorem. Elit aliquam eget tempor bibendum.,Hayır,Laz,,Kars,Sağ,Hükûmet,Tam zamanlı çalışan/İşyeri sahibi,Sollicitudin leo placerat! Eros maecenas magnis molestie ac ridiculus erat. Suspendisse pharetra.,Yapma zorunluluğum yok,,Hayır,3,2,5,5,4,5,4,4,3,5,1,4,2,3,3,5,2,5,5,5,4,4,2,,Güvenlik,,,Astronomi,4,"Mauris nullam nulla purus convallis elit enim vel dignissim mattis faucibus quam, eros per tempus.",94407,economy,
2025-03-17 09:29:42,2025-03-17 09:29:42,Survey Test,,100,0,True,2025-03-17 09:29:42,R_2nrlKQj38IuMsaW,,,,,,,test,,Erkek,Blandit eget tempora! Est atque ultricies eros. Eros! Gravida at! Odio.,Hayır,Diğer (lütfen belirtiniz),"Ante orci nonummy eget interdum enim! Risus dui auctor platea facilisi, eros.",Şırnak,Ne sağ ne sol,Hiçbirisi,İşsiz fakat iş aramayan,"Scelerisque vitae. Ridiculus venenatis iaculis sem quam, tincidunt fringilla augue sem lectus dolorem? Sem.",Yapma zorunluluğum yok,,Hayır,3,4,4,4,2,4,3,1,4,4,1,3,5,3,1,4,4,2,2,4,1,5,5,Ukrayna,,,,Göç,3,Auctor natoque turpis amet phasellus eleifend cursus in cursus suscipit.,97210,general,
2025-03-17 09:29:42,2025-03-17 09:29:43,Survey Test,,100,1,True,2025-03-17 09:29:43,R_cOVcaCMU2ZLcrQ2,,,,,,,test,,Erkek,Montes purus per amet nec dapibus platea posuere primis posuere. Justo.,Evet,Gürcü,,Ağrı,Sağ,Muhalefet,İşsiz ve iş arayan,Curabitur proin vitae? Risus ultricies curabitur magnis morbi non eu neque.,Diğer,Augue faucibus est commodo lectus! Scelerisque fermentum sed? Orci rhoncus.,Hayır,1,5,3,3,1,5,1,2,5,1,2,1,3,2,1,5,5,5,3,5,3,5,5,,Kültür,,,Astronomi,1,Aenean sollicitudin et facilisi orci dui elit vivamus fermentum! Interdum.,51969,economy,
2025-03-17 09:29:43,2025-03-17 09:29:43,Survey Test,,100,0,True,2025-03-17 09:29:43,R_8cRwOoZfKURNHBc,,,,,,,test,,Erkek,"Purus elementum elementum ridiculus eget curabitur ante diam maecenas. Luctus, a! Est? Aliquam dolorem.",Evet,Diğer (lütfen belirtiniz),Velit nunc ipsum justo ante arcu cursus accusamus. Potenti arcu. Facilisi integer.,Artvin,Ne sağ ne sol,Hükûmet,İşsiz fakat iş aramayan,"Viverra tortor volutpat sem facilisi risus, proin. Mi! At odio aliquet diam.",Cevap vermek istemiyorum,,Hayır,1,3,4,1,1,4,1,3,3,5,3,1,1,5,4,2,3,2,3,2,1,2,1,,,Güvenlik,,Hayvan hakları,1,Morbi viverra non! Culpa quis sodales egestas sapien arcu duis morbi magna venenatis.,78612,security,
2025-03-17 09:29:43,2025-03-17 09:29:43,Survey Test,,100,0,True,2025-03-17 09:29:43,R_5aKtanIoPIX2nC6,,,,,,,test,,Diğer/Cevap vermek istemiyorum,"Est massa morbi! Id turpis ac, euismod a integer iaculis id ante duis.",Hayır,Arap,,Iğdır,Ne sağ ne sol,Muhalefet,Emekli,Porta dictumst rutrum ultricies aliquet? Mattis at orci! Porttitor ultrices. Vitae vivamus justo suscipit curabitur.,Yapma zorunluluğum yok,,Cevap vermek istemiyorum,2,5,5,3,3,4,3,5,5,3,3,5,3,2,5,1,4,1,4,2,1,3,2,Suriye,,,,Tıp,3,Et! Rutrum gravida a molestie convallis. Ut sollicitudin malesuada? Amet.,69489,general,
2025-03-17 09:29:43,2025-03-17 09:29:44,Survey Test,,100,1,True,2025-03-17 09:29:44,R_eFktXkGhgKSQ8fQ,,,,,,,test,,Diğer/Cevap vermek istemiyorum,Sit ultrices! Rhoncus erat leo bibendum temporibus proin tincidunt at.,Hayır,Türk,,Muş,Ne sağ ne sol,Muhalefet,İşsiz fakat iş aramayan,Orci elementum non pede euismod. Malesuada augue faucibus bibendum pellentesque ultricies.,Evet (uzun veya kısa dönem),,Cevap vermek istemiyorum,4,5,3,4,4,1,3,1,4,1,3,2,4,1,3,1,5,4,1,1,4,4,2,,,,Kültürel,Tıp,1,Felis diam? Cursus mattis sapien pellentesque nonummy magna volutpat dui turpis atque venenatis auctor turpis.,67153,culture,
2025-03-17 09:29:44,2025-03-17 09:29:44,Survey Test,,100,0,True,2025-03-17 09:29:44,R_aW49azu0Hw3C8U6,,,,,,,test,,Kadın,"Nonummy ullamcorper nec aliquam enim, tellus cras magnis accusamus. Integer orci suspendisse.",Hayır,Bilmiyorum,,Bilecik,Ne sağ ne sol,Muhalefet,Tam zamanlı çalışan/İşyeri sahibi,Atque quam a posuere. Lorem tellus non amet tempor purus amet.,Evet (uzun veya kısa dönem),,Hayır,3,4,1,5,4,3,3,1,2,2,1,2,2,4,3,4,4,2,2,1,2,2,2,,,,,Hayvan hakları,1,Turpis commodo atque imperdiet dictumst est orci tempor purus! Non? Pede. Maecenas et non.,51605,placebo,
2025-03-17 09:29:44,2025-03-17 09:29:44,Survey Test,,100,0,True,2025-03-17 09:29:45,R_1NsDYq6XXY52st0,,,,,,,test,,Erkek,Aenean? Vehicula facilisis wisi consequat? Proin augue interdum? Augue sem primis laoreet fermentum sapien morbi.,Hayır,Kürt,,Bingöl,Ne sağ ne sol,Hükûmet,Yarı zamanlı çalışan,Turpis montes ante egestas scelerisque wisi scelerisque auctor pede velit.,Yapma zorunluluğum yok,,Evet,4,1,3,3,3,4,5,5,5,2,5,1,2,1,4,3,1,3,4,3,5,4,3,,,Güvenlik,,Astronomi,2,Lacus lacus. Suspendisse dolorem venenatis metus mauris pede. Lorem et ut rhoncus.,67910,security,
2025-03-17 09:29:45,2025-03-17 09:29:45,Survey Test,,100,0,True,2025-03-17 09:29:45,R_ea2SxwUUJHv4xpQ,,,,,,,test,,Kadın,Nulla elit vehicula malesuada! Imperdiet convallis. Proin praesent culpa temporibus potenti massa maecenas lectus dictumst.,Hayır,Boşnak,,Ardahan,Sol,Muhalefet,İşsiz ve iş arayan,Rhoncus. Accumsan porttitor odio imperdiet eleifend nulla sed morbi donec orci.,Evet (uzun veya kısa dönem),,Cevap vermek istemiyorum,1,3,4,1,3,1,1,1,4,4,5,3,2,4,1,4,5,1,3,2,3,5,1,Ukrayna,,,,Göç,2,Accumsan commodo pellentesque. Ultricies tortor sed in magna risus curabitur accumsan. Viverra.,14586,general,
2025-03-17 09:29:45,2025-03-17 09:29:45,Survey Test,,100,0,True,2025-03-17 09:29:45,R_0wGhTD8DcvEpU9g,,,,,,,test,,Diğer/Cevap vermek istemiyorum,Ut? Venenatis? Velit viverra aenean velit nunc sagittis convallis dapibus.,Evet,Boşnak,,Bilecik,Sol,Hükûmet,Yarı zamanlı çalışan,"Tortor, vehicula cursus porttitor ipsum eleifend tempus tempora? Montes. Dolorem volutpat venenatis. Nullam facilisis.",Diğer,"Fusce? Montes vulputate, egestas erat morbi volutpat massa volutpat nibh elementum risus.",Evet,3,2,4,4,4,3,1,3,5,1,2,3,3,3,5,3,5,4,5,5,4,4,4,,,,Kültürel,Astronomi,4,Erat tempus lacus! Risus. Ipsum sagittis lacus metus culpa mi.,96474,culture,
2025-03-17 09:29:46,2025-03-17 09:29:46,Survey Test,,100,0,True,2025-03-17 09:29:46,R_50dWEznCc1RcBW6,,,,,,,test,,Erkek,"Gravida, magnis sagittis donec! Bibendum accusamus, donec non. Vel sollicitudin fermentum! Egestas pretium dui.",Evet,Laz,,Muğla,Sol,Muhalefet,İşsiz fakat iş aramayan,"Viverra temporibus ut, suscipit, ab elit eu? Purus rutrum augue.",Evet (uzun veya kısa dönem),,Evet,5,3,5,1,2,4,3,2,4,4,5,1,5,5,4,4,1,4,1,4,5,2,1,,,,,Göç,3,Atque. Eu nunc laoreet leo? Morbi? Sem molestie ab tempus wisi rutrum! Eleifend.,83192,placebo,
2025-03-17 09:29:46,2025-03-17 09:29:46,Survey Test,,100,0,True,2025-03-17 09:29:46,R_1FVUcCZ6I9jNuiq,,,,,,,test,,Erkek,Sapien velit dapibus suspendisse massa at eleifend sapien velit potenti tincidunt mi velit ultrices? Non.,Hayır,Gürcü,,Samsun,Sol,Hükûmet,Yarı zamanlı çalışan,Nulla suscipit fringilla? Sit. Non. Neque sapien dictumst imperdiet? Mi pede primis urna.,Diğer,"Consequat justo phasellus! At primis, volutpat purus mauris auctor tellus. Viverra facilisis augue.",Hayır,3,2,2,1,3,4,1,5,2,4,5,2,1,1,3,2,5,4,4,2,1,1,3,Afganistan,,,,Hayvan hakları,1,"Nullam! Atque egestas morbi. Per montes, ligula leo ac rutrum.",85665,general,
2025-03-17 09:29:46,2025-03-17 09:29:47,Survey Test,,100,1,True,2025-03-17 09:29:47,R_3lPrDWQMxyllavA,,,,,,,test,,Kadın,"Id integer? Wisi? Porttitor tincidunt rutrum ante convallis, lacus eros turpis cursus.",Evet,Kürt,,Erzurum,Sol,Muhalefet,Yarı zamanlı çalışan,"Sodales elementum dapibus. Quis. Tempor primis curabitur pellentesque, morbi! Tincidunt? Dolor.",Evet (uzun veya kısa dönem),,Hayır,5,5,3,5,2,4,5,5,5,2,1,3,5,4,4,5,1,5,5,5,1,1,4,Afganistan,,,,Astronomi,1,Ab vestibulum integer facilisis. Volutpat scelerisque aliquam? Sem nec vel aliquam euismod metus dolor! Facilisis.,95027,general,
2025-03-17 09:29:47,2025-03-17 09:29:47,Survey Test,,100,0,True,2025-03-17 09:29:47,R_ac6wrtrCSbYpCbs,,,,,,,test,,Erkek,Pellentesque purus wisi? Venenatis vestibulum purus at sagittis volutpat porttitor. Et ultricies. Natoque aliquet.,Evet,Gürcü,,Bursa,Sol,Hükûmet,Yarı zamanlı çalışan,"Turpis? Purus, eleifend ridiculus ipsum massa. Massa rutrum aenean elit sollicitudin. Dui est? Temporibus.",Cevap vermek istemiyorum,,Cevap vermek istemiyorum,2,2,1,5,2,3,2,3,3,2,2,3,1,4,4,1,4,3,5,2,5,3,3,,,,Güvenlik,Göç,3,Morbi blandit! Ridiculus dignissim faucibus magnis suscipit wisi massa auctor.,53939,culture,
2025-03-17 09:29:47,2025-03-17 09:29:47,Survey Test,,100,0,True,2025-03-17 09:29:47,R_268HHh6j4vqnQcS,,,,,,,test,,Diğer/Cevap vermek istemiyorum,Velit nullam orci velit commodo at etiam consequat tellus rutrum elit cras nibh.,Hayır,Bilmiyorum,,Uşak,Sağ,Hiçbirisi,Yarı zamanlı çalışan,Culpa. Ultrices. Tortor ridiculus? Pellentesque tempus dictumst tincidunt venenatis pellentesque malesuada.,Bedelli,,Evet,1,4,4,2,4,4,5,5,5,1,4,4,1,5,2,1,3,3,1,3,1,1,5,Suriye,,,,Göç,3,"Est? Nunc dui aliquet ipsum vel luctus, sollicitudin? Sodales. Enim odio. Vestibulum.",48605,general,
2025-03-17 09:29:47,2025-03-17 09:29:48,Survey Test,,100,1,True,2025-03-17 09:29:48,R_bNJbMJJdz45oqIm,,,,,,,test,,Kadın,Odio at faucibus potenti duis suscipit a felis orci quam.,Hayır,Bilmiyorum,,Trabzon,Sol,Hükûmet,İşsiz fakat iş aramayan,Dui. Sit convallis aliquam non cras placerat nunc in vulputate.,Cevap vermek istemiyorum,,Evet,5,4,4,4,5,3,3,1,2,1,5,4,3,5,5,2,3,4,2,2,2,2,5,,,,,Hayvan hakları,3,Elit pede culpa convallis vestibulum sed non quam at fermentum. Donec.,41266,placebo,
2025-03-17 09:29:48,2025-03-17 09:29:48,Survey Test,,100,0,True,2025-03-17 09:29:48,R_9GHuhxKmFeY9GbI,,,,,,,test,,Diğer/Cevap vermek istemiyorum,Nullam risus porta lacus. Dolor nullam. Nulla facilisis platea mauris at.,Hayır,Boşnak,,Ankara,Sol,Hükûmet,Tam zamanlı çalışan/İşyeri sahibi,Eget. Phasellus pellentesque vivamus molestie accumsan at per nunc. Consequat aliquam vehicula. Nulla sodales fermentum.,Yapma zorunluluğum yok,,Cevap vermek istemiyorum,3,2,5,4,1,1,5,4,1,1,1,3,2,1,2,3,5,1,2,3,5,3,5,,,Ekonomik,,Göç,2,Sem? Vivamus accumsan tellus arcu tincidunt accusamus molestie. Lacus. Fermentum dignissim proin porta.,30665,security,
2025-03-17 09:29:48,2025-03-17 09:29:48,Survey Test,,100,0,True,2025-03-17 09:29:48,R_9trgPtAjMnJaBw2,,,,,,,test,,Kadın,"Consequat tempus, mi ridiculus nunc risus augue commodo suscipit metus? Risus nulla velit mattis est.",Hayır,Arap,,Kırşehir,Sağ,Hükûmet,Emekli,Rutrum orci sed risus mi nunc sapien orci. Quam cursus.,Diğer,Blandit. Iaculis id magna? Interdum pede nibh? Magna imperdiet? Mi.,Hayır,2,2,5,2,4,3,4,5,3,2,1,1,3,2,2,1,4,3,3,1,2,4,3,,,Ekonomik,,Tıp,4,"Ultricies sed. Maecenas luctus magna natoque aliquam, tempor nibh sollicitudin, et auctor! Diam aenean.",31423,security,
