StartDate,EndDate,Status,IPAddress,Progress,Duration (in seconds),Finished,RecordedDate,ResponseId,RecipientLastName,RecipientFirstName,RecipientEmail,ExternalReference,LocationLatitude,LocationLongitude,DistributionChannel,UserLanguage,prolificID,race,race_5_TEXT,age,citizenship,gender_respondent,ideology,party,employment,"education_alt ",military,military_family,bp1,bp2,bp3,bp4,bp5,bp6,bp7,cp1,cp2,cp3,cp4,cp5,cp6,cp7,ns1,ns2,ns3,ns4,pp_1,pp_2,pp_3,pp_4,pp_5,mc_general,mc_economy,mc_security,mc_culture,attention1,attention2,Random ID,threat_v,Q_DataPolicyViolations
Start Date,End Date,Response Type,IP Address,Progress,Duration (in seconds),Finished,Recorded Date,Response ID,Recipient Last Name,Recipient First Name,Recipient Email,External Data Reference,Location Latitude,Location Longitude,Distribution Channel,User Language,What is your Prolific ID?,Please specify your race/ethnicity. - Selected Choice,Please specify your race/ethnicity. - Other (please specify) - Text,How old are you? Please only enter numbers,Are you a citizen of the United States?,Please specify your gender,Which political stance do you feel closer to?,Which political party do you feel closer to?,What is your current employment status?,"How many years of education have you completed, starting from 1st grade?",Have you ever served in military?,Has anyone in your family served in military?,People who do not wholeheartedly support America should live somewhere else,It is un-American to criticize this country.,"There is too much criticism of the U.S. in the world, and we its citizens should not criticize it.",I would support my country right or wrong.,The United States is virtually always right.,"I believe that U.S. policies, independent of party of president, are almost always the morally correct ones.","I support U.S. constitution, for the very reason that it is the constitution of my country.",We should have complete freedom of speech even for those who criticize this country.,Criticizing the United States does not make one less American.,"For the most part, people who protest and demonstrate against the constitution are good, upstanding, intelligent people.","If you love America, you should notice its problems and work to correct them.","If I criticize the United States, I do so out of love for my country.",I oppose some constitutional amendments because I care about my country and want to improve it.,My love of country demands that I speak out against popular but potentially destructive amendments in constitution.,National anthem should be played at sports events,Everyone in this country should celebrate Independence Day with joy,There should be legal repercussions for those who disrespect our national flag,Pledge of allegiance should be recited by students,People who are not Americans should feel loyal to their own country.,"Citizens of other countries should serve their country in any way they can, independent of what their country is.",I value the importance of non-Americans prioritizing their own country.,"Defending one’s country is a noble patriotic duty, and individuals should defend their own country even if it is against my country.","No matter what those policies are, people of other countries should support their own national policy.","In the vignette, migration from which region was emphasized?","In the vignette, as a result of migration, which of the following potential impact was emphasized?","In the vignette, as a result of migration, which of the following potential impact was emphasized?","In the vignette, as a result of migration, which of the following potential impact was emphasized?",The survey you are completing at the moment is about the following:,Please select '4' to show that you are paying attention.,Random ID,threat_v,Q_DataPolicyViolations
"{""ImportId"":""startDate"",""timeZone"":""America/Denver""}","{""ImportId"":""endDate"",""timeZone"":""America/Denver""}","{""ImportId"":""status""}","{""ImportId"":""ipAddress""}","{""ImportId"":""progress""}","{""ImportId"":""duration""}","{""ImportId"":""finished""}","{""ImportId"":""recordedDate"",""timeZone"":""America/Denver""}","{""ImportId"":""_recordId""}","{""ImportId"":""recipientLastName""}","{""ImportId"":""recipientFirstName""}","{""ImportId"":""recipientEmail""}","{""ImportId"":""externalDataReference""}","{""ImportId"":""locationLatitude""}","{""ImportId"":""locationLongitude""}","{""ImportId"":""distributionChannel""}","{""ImportId"":""userLanguage""}","{""ImportId"":""QID89_TEXT""}","{""ImportId"":""QID90""}","{""ImportId"":""QID90_5_TEXT""}","{""ImportId"":""QID91_TEXT""}","{""ImportId"":""QID92""}","{""ImportId"":""QID93""}","{""ImportId"":""QID94""}","{""ImportId"":""QID95""}","{""ImportId"":""QID96""}","{""ImportId"":""QID97_TEXT""}","{""ImportId"":""QID82""}","{""ImportId"":""QID83""}","{""ImportId"":""QID59""}","{""ImportId"":""QID60""}","{""ImportId"":""QID61""}","{""ImportId"":""QID62""}","{""ImportId"":""QID63""}","{""ImportId"":""QID64""}","{""ImportId"":""QID65""}","{""ImportId"":""QID66""}","{""ImportId"":""QID67""}","{""ImportId"":""QID68""}","{""ImportId"":""QID69""}","{""ImportId"":""QID70""}","{""ImportId"":""QID84""}","{""ImportId"":""QID71""}","{""ImportId"":""QID72""}","{""ImportId"":""QID73""}","{""ImportId"":""QID74""}","{""ImportId"":""QID75""}","{""ImportId"":""QID77""}","{""ImportId"":""QID78""}","{""ImportId"":""QID79""}","{""ImportId"":""QID80""}","{""ImportId"":""QID81""}","{""ImportId"":""QID85""}","{""ImportId"":""QID86""}","{""ImportId"":""QID87""}","{""ImportId"":""QID88""}","{""ImportId"":""QID46""}","{""ImportId"":""QID47""}","{""ImportId"":""Random ID""}","{""ImportId"":""threat_v""}","{""ImportId"":""Q_DataPolicyViolations""}"
2025-03-17 09:29:23,2025-03-17 09:29:23,Survey Test,,100,0,True,2025-03-17 09:29:23,R_3dtBjdCQI0xu2KG,,,,,,,test,,Molestie vestibulum gravida in ipsum interdum posuere tortor fermentum! Eros rutrum.,White/Caucausian,,Sollicitudin neque mi viverra mattis sagittis est ullamcorper in in rhoncus at euismod dui. Gravida.,Yes,Neither/Prefer not to say,Liberal,Independent,Retired,"Platea pharetra. Lorem per malesuada at quis! Sagittis iaculis, neque.",No,No,1,2,4,4,4,5,2,3,1,2,2,2,3,2,4,1,4,5,4,1,1,4,1,Africa,,,,Medicine,4,65657,general,
2025-03-17 09:29:23,2025-03-17 09:29:24,Survey Test,,100,1,True,2025-03-17 09:29:24,R_7UJJSV4fg9mm2KW,,,,,,,test,,Purus. Lectus scelerisque tempor atque. Justo rutrum curabitur! Augue! Proin integer ac atque.,Unknown,,"Rutrum. Amet cras pede potenti nullam facilisi est vestibulum pede, venenatis ridiculus nunc? Vivamus auctor.",No,Female,Liberal,Democrat Party,Employed part-time,Duis est suscipit viverra? Orci blandit? Montes quis platea venenatis.,No,Prefer not to answer,5,5,4,1,4,2,4,3,2,4,3,1,1,3,4,4,1,2,5,3,3,2,1,,,Economy,,Migration,2,91820,security,
2025-03-17 09:29:24,2025-03-17 09:29:24,Survey Test,,100,0,True,2025-03-17 09:29:24,R_9XOGMqkbsdBkinc,,,,,,,test,,"A accumsan vitae imperdiet ut ullamcorper a, orci. Cursus tempus iaculis.",Hispanic/Latino,,Eleifend interdum maecenas. Culpa purus elementum! Diam? Nulla dictumst erat non.,Yes,Neither/Prefer not to say,Conservative,Republican Party,Employed part-time,Eu. Purus sagittis eleifend a wisi? Augue aliquam auctor vivamus ultrices velit? Sollicitudin.,No,Yes,5,4,5,2,1,1,3,2,1,2,1,3,2,3,4,3,2,1,2,2,1,2,2,,Security,,,Medicine,3,98774,economy,
2025-03-17 09:29:24,2025-03-17 09:29:24,Survey Test,,100,0,True,2025-03-17 09:29:24,R_6LtW7kP2eSd2xim,,,,,,,test,,Dictumst. Commodo. Sed! Tempor laoreet id imperdiet iaculis suspendisse tempora porttitor mattis rhoncus sapien.,Native American,,"Lectus pretium dapibus proin, massa lacus! Vulputate euismod odio, urna eu gravida.",No,Neither/Prefer not to say,Conservative,Independent,Retired,"At, praesent odio. Porttitor metus blandit eros pretium tempora risus pellentesque.",Yes,Yes,2,3,5,3,4,4,1,5,2,5,5,3,3,5,4,5,2,1,3,5,2,1,3,,,,,Astronomy,1,86357,placebo,
2025-03-17 09:29:24,2025-03-17 09:29:25,Survey Test,,100,1,True,2025-03-17 09:29:25,R_a928Q1QkEfRWMBw,,,,,,,test,,"Felis velit tortor scelerisque, neque magnis mauris pede? Duis atque tincidunt aenean magnis. Neque nibh.",Native Hawaiian or Pacific Islander,,"Sapien maecenas. Culpa, tincidunt ultrices nec in tempora aliquam pretium.",Yes,Neither/Prefer not to say,Neither Conservative nor Liberal,Democrat Party,Employed part-time,Ridiculus per magna ultricies dui! Tellus atque. Praesent dolor rutrum atque.,No,Prefer not to answer,4,4,3,4,2,3,2,1,1,2,3,1,5,1,3,4,1,5,1,4,5,4,1,,Culture,,,Migration,3,36512,economy,
2025-03-17 09:29:25,2025-03-17 09:29:25,Survey Test,,100,0,True,2025-03-17 09:29:25,R_7TYbvubxPTeiUES,,,,,,,test,,"Amet! Accumsan mi placerat. Facilisi justo curabitur urna ultricies iaculis eget porta, porta.",African-American/Black,,Per mattis viverra dignissim neque. Purus cras auctor. Ac. Elit integer viverra sem quis.,Yes,Male,Neither Conservative nor Liberal,Republican Party,Currently unemployed and seeking opportunities,Morbi temporibus curabitur vulputate a ac. Dolor etiam tellus diam phasellus. Lacus amet.,Yes,Yes,4,5,2,1,2,5,1,2,1,4,1,1,1,3,4,5,4,3,1,2,4,1,4,,,Security,,Migration,2,56194,security,
2025-03-17 09:29:25,2025-03-17 09:29:25,Survey Test,,100,0,True,2025-03-17 09:29:25,R_8eKpUM23VGG1ooK,,,,,,,test,,Odio ut suscipit enim faucibus! Enim elementum? Interdum magnis massa natoque luctus elit nunc pede.,Two or more,,"Volutpat? Lorem tortor porttitor enim? Bibendum eu potenti dui. A orci proin fusce, nullam.",No,Neither/Prefer not to say,Neither Conservative nor Liberal,Democrat Party,Currently unemployed and seeking opportunities,Eget sapien! Cras erat scelerisque vulputate urna vehicula purus potenti. Nonummy quis.,Prefer not to answer,No,1,1,4,3,1,2,2,4,3,2,3,3,4,2,3,4,3,5,4,1,5,3,2,,Security,,,Medicine,2,85201,economy,
2025-03-17 09:29:25,2025-03-17 09:29:26,Survey Test,,100,1,True,2025-03-17 09:29:26,R_eEFTmOks3JJPxHM,,,,,,,test,,Accusamus. Placerat pellentesque lectus eros ligula. Porttitor turpis morbi eros tempora nunc phasellus vehicula.,White/Caucausian,,"Metus etiam nec vestibulum odio aliquam elit tincidunt metus, primis. Placerat blandit risus eros fringilla.",No,Male,Conservative,Republican Party,Employed full-time/Self-employed,Vehicula! Ipsum pretium felis? Sem. Dignissim egestas ridiculus atque aliquet rutrum massa ridiculus venenatis tincidunt.,Yes,Prefer not to answer,4,3,3,2,1,4,4,1,3,5,1,1,2,1,4,2,1,3,1,2,1,4,3,,Security,,,Medicine,4,78774,economy,
2025-03-17 09:29:26,2025-03-17 09:29:26,Survey Test,,100,0,True,2025-03-17 09:29:26,R_dpa6gcuNDZDnxLU,,,,,,,test,,"Ultricies accumsan dignissim! Temporibus, felis metus sodales, sit odio ullamcorper magnis.",Native Hawaiian or Pacific Islander,,"Sollicitudin primis posuere id maecenas non! Et amet. Faucibus, ut ipsum magna.",Yes,Male,Conservative,Democrat Party,Employed part-time,Ligula montes! Cras amet iaculis urna curabitur. Aenean tempus non? Posuere augue? Massa aenean magna.,Yes,No,5,5,2,5,5,5,4,1,5,1,4,2,2,2,2,3,4,4,2,5,1,4,2,,,,,Animal rights,4,40114,placebo,
2025-03-17 09:29:26,2025-03-17 09:29:26,Survey Test,,100,0,True,2025-03-17 09:29:26,R_9nyiPrtU8dirZR4,,,,,,,test,,"Mi! Vel? Tempus, iaculis curabitur placerat! Placerat? Cras eleifend, facilisis nibh.",Native American,,Integer erat porta sagittis elit pharetra phasellus fusce eu consequat massa facilisis. Mattis commodo non.,Yes,Female,Neither Conservative nor Liberal,Democrat Party,Currently unemployed and seeking opportunities,"Consectetuer? Et elit. Montes enim sapien proin. Eros id platea dolorem, accumsan nibh potenti.",No,Yes,4,1,4,2,2,4,4,4,1,4,3,3,2,5,2,3,4,1,5,5,4,1,4,,,,Economy,Animal rights,4,82551,culture,
2025-03-17 09:29:26,2025-03-17 09:29:27,Survey Test,,100,1,True,2025-03-17 09:29:27,R_40e9NYOVgMwhzgi,,,,,,,test,,Dolorem? Nonummy rutrum wisi aenean sodales nec? Quis. Potenti nullam vehicula nonummy.,Asian,,A pede? Est posuere sodales egestas cras ullamcorper suscipit dignissim montes consectetuer donec.,Yes,Neither/Prefer not to say,Liberal,Democrat Party,Employed full-time/Self-employed,Ante porta laoreet dictumst diam quis sodales blandit iaculis turpis nunc accusamus porttitor.,Yes,Yes,5,1,3,3,2,3,4,4,3,2,3,1,4,5,2,5,4,1,4,4,5,2,3,,,,Culture,Animal rights,1,25800,culture,
2025-03-17 09:29:27,2025-03-17 09:29:27,Survey Test,,100,0,True,2025-03-17 09:29:27,R_9ER7Vfbxus7Eg6i,,,,,,,test,,At. Dapibus id non. Pretium. Sed. Pellentesque wisi? Dolorem egestas aliquet consectetuer.,Asian,,Aliquam ipsum. Diam nonummy scelerisque gravida diam? At cursus morbi enim suscipit? Iaculis.,Yes,Male,Neither Conservative nor Liberal,Republican Party,Currently unemployed and not seeking opportunities,Culpa magna dignissim! Potenti mauris! Duis proin consequat? Et maecenas lacus.,Yes,No,3,2,5,2,2,3,3,2,5,2,3,1,5,3,4,5,2,4,1,5,2,5,3,Central America,,,,Migration,4,75680,general,
2025-03-17 09:29:27,2025-03-17 09:29:27,Survey Test,,100,0,True,2025-03-17 09:29:27,R_4TluBegIGWnJKXI,,,,,,,test,,"Ac vel. Metus accusamus a vestibulum. Tempus morbi sed morbi! Cursus praesent, eleifend eros. Cursus.",Native Hawaiian or Pacific Islander,,Justo nec ab dui rutrum donec consectetuer sagittis? Tempora potenti.,Yes,Neither/Prefer not to say,Neither Conservative nor Liberal,Democrat Party,Employed part-time,Vivamus fermentum faucibus quis viverra. Ante blandit sollicitudin fringilla donec volutpat erat vivamus.,Yes,Yes,5,3,5,5,4,2,3,2,3,3,3,2,4,4,4,2,5,1,4,1,2,1,1,,,,Security,Astronomy,4,96648,culture,
2025-03-17 09:29:27,2025-03-17 09:29:28,Survey Test,,100,1,True,2025-03-17 09:29:28,R_b3AHshJ0OtG77RY,,,,,,,test,,Pellentesque pharetra magnis? Montes faucibus. Platea! At nibh? Pharetra neque.,Hispanic/Latino,,Tempor a amet odio purus gravida? Et? Facilisis scelerisque dolorem. Porttitor arcu eu iaculis dapibus.,Yes,Female,Liberal,Democrat Party,Currently unemployed and seeking opportunities,Odio magna est scelerisque faucibus lorem sed! Curabitur elementum etiam id? Consectetuer diam.,Yes,No,4,2,3,1,1,1,3,1,5,5,2,4,2,3,3,4,3,1,5,1,1,4,4,,,Economy,,Migration,3,60678,security,
2025-03-17 09:29:28,2025-03-17 09:29:28,Survey Test,,100,0,True,2025-03-17 09:29:28,R_1GNuwIyZgB1Y0ia,,,,,,,test,,"Ultrices nunc elementum donec consectetuer ultrices. Euismod platea felis rhoncus, vitae per accusamus blandit vivamus.",African-American/Black,,Dolor commodo arcu dignissim pede laoreet metus rhoncus etiam sapien scelerisque et integer dui platea.,No,Male,Neither Conservative nor Liberal,Independent,Employed full-time/Self-employed,Ullamcorper primis erat blandit iaculis non faucibus. Pharetra euismod porttitor.,Prefer not to answer,Prefer not to answer,5,2,2,3,5,1,2,5,4,5,2,3,1,2,3,2,1,4,1,1,2,1,3,,,,Security,Migration,3,72580,culture,
2025-03-17 09:29:28,2025-03-17 09:29:28,Survey Test,,100,0,True,2025-03-17 09:29:28,R_86w1vGdI4xFAXGe,,,,,,,test,,Porta! Sem leo eleifend nibh natoque? Eros nunc purus. Euismod vulputate gravida nec.,Hispanic/Latino,,"Donec curabitur odio odio faucibus aliquet, proin nullam ullamcorper! Massa. Sollicitudin tincidunt dignissim ante.",No,Male,Liberal,Democrat Party,Employed part-time,Sit diam laoreet vel convallis. Platea eget. Dolorem blandit blandit iaculis magnis dictumst.,Yes,No,4,1,4,4,5,3,4,2,5,4,3,2,2,5,1,3,5,1,1,5,3,1,4,,Economy,,,Astronomy,2,31910,economy,
2025-03-17 09:29:28,2025-03-17 09:29:29,Survey Test,,100,1,True,2025-03-17 09:29:29,R_bmzI1tZjfSt1Hz8,,,,,,,test,,"Platea culpa diam ultrices rutrum tellus cursus, curabitur in. Porta facilisis proin! Eleifend urna.",White/Caucausian,,Eu sagittis rhoncus. Tempor tempora duis eros amet. Magnis vehicula. Sapien potenti.,No,Neither/Prefer not to say,Liberal,Democrat Party,Currently unemployed and not seeking opportunities,"Integer imperdiet. Ut? Tempus euismod ultricies mauris auctor! Maecenas, sed placerat at urna pharetra.",Yes,No,4,3,1,5,1,3,1,5,3,4,4,4,5,4,4,4,2,2,1,5,2,3,5,,,,Security,Animal rights,2,64085,culture,
2025-03-17 09:29:29,2025-03-17 09:29:29,Survey Test,,100,0,True,2025-03-17 09:29:29,R_eEXnoVQNr1S9CzI,,,,,,,test,,"Nullam, sed ab nec ultrices. Vestibulum? Molestie, dignissim tempora mauris quis leo.",African-American/Black,,Iaculis? Tincidunt laoreet natoque suspendisse proin urna sem vivamus id pellentesque dui magnis sed facilisis.,Yes,Male,Liberal,Democrat Party,Employed part-time,Tempor facilisis porttitor justo ipsum! Fringilla fringilla maecenas molestie tempus vulputate posuere.,Prefer not to answer,No,2,3,4,3,5,3,3,2,5,4,4,1,1,4,2,3,3,3,5,2,5,2,3,,,,Culture,Medicine,4,45186,culture,
2025-03-17 09:29:29,2025-03-17 09:29:29,Survey Test,,100,0,True,2025-03-17 09:29:29,R_cUAQcuQW62sGiPA,,,,,,,test,,Pede tortor convallis proin fermentum sollicitudin aliquet purus nibh facilisis laoreet eleifend iaculis dignissim! Fringilla.,Two or more,,"Euismod accusamus temporibus sit mi turpis. Iaculis dapibus etiam, wisi fusce ultrices, et. Vehicula.",Yes,Female,Neither Conservative nor Liberal,Independent,Currently unemployed and not seeking opportunities,Proin rhoncus potenti morbi facilisis primis aliquet magnis! Porttitor vestibulum.,No,Yes,5,4,5,3,4,3,4,4,1,4,5,3,3,3,5,4,3,4,1,5,3,5,1,,,,Culture,Migration,3,49547,culture,
2025-03-17 09:29:29,2025-03-17 09:29:30,Survey Test,,100,1,True,2025-03-17 09:29:30,R_2lu2aVOyGqUEgQu,,,,,,,test,,"Id eget, nunc vulputate ridiculus non vehicula elit orci venenatis sed. Ipsum nonummy.",White/Caucausian,,Ligula dui bibendum. Ligula tempora cursus orci mauris id luctus a euismod iaculis.,Yes,Neither/Prefer not to say,Conservative,Republican Party,Employed part-time,Bibendum porta neque fringilla ullamcorper vivamus malesuada lacus aliquet commodo fringilla? Pretium praesent.,Yes,Yes,1,5,5,3,4,5,4,4,1,1,4,5,4,5,5,4,2,5,5,5,1,2,3,,Security,,,Migration,2,52308,economy,
2025-03-17 09:29:30,2025-03-17 09:29:30,Survey Test,,100,0,True,2025-03-17 09:29:30,R_6x9xDi8PMf9HINg,,,,,,,test,,Tempor ac gravida per praesent. Lorem mi suscipit! Natoque quis accumsan amet lectus.,Hispanic/Latino,,Lacus? Praesent consectetuer! Tempora magnis neque. Lectus sollicitudin! Ipsum sit.,No,Female,Conservative,Democrat Party,Employed full-time/Self-employed,Turpis sollicitudin facilisis egestas massa accusamus accumsan risus arcu nullam per primis gravida sagittis etiam.,Yes,Yes,1,1,4,5,3,4,3,1,4,2,1,1,1,3,2,1,4,2,3,1,4,4,3,,,,Security,Astronomy,1,43501,culture,
2025-03-17 09:29:30,2025-03-17 09:29:30,Survey Test,,100,0,True,2025-03-17 09:29:30,R_6yyR4o5w9rdT85E,,,,,,,test,,"Quis risus elementum arcu integer nonummy. Amet dapibus accusamus vivamus, donec eu magnis et praesent.",Two or more,,Quis quis placerat ab! Non nullam orci eget. Scelerisque tempus vivamus ante integer! Nec.,No,Male,Neither Conservative nor Liberal,Democrat Party,Employed full-time/Self-employed,Dolorem donec nullam est phasellus id cras? Eleifend etiam dolor metus.,Prefer not to answer,Yes,4,5,3,4,5,1,3,5,3,5,3,2,4,5,4,2,5,3,1,5,5,2,1,Middle East,,,,Migration,2,34450,general,
2025-03-17 09:29:30,2025-03-17 09:29:31,Survey Test,,100,1,True,2025-03-17 09:29:31,R_9u9XRmuGcFvh7RY,,,,,,,test,,Ullamcorper duis praesent praesent amet per rutrum! Tortor sit consectetuer? Per nec ridiculus? Convallis.,Native Hawaiian or Pacific Islander,,Primis! Platea ligula fermentum potenti! Ac vulputate per mauris lacus.,Yes,Male,Conservative,Democrat Party,Employed full-time/Self-employed,At mattis luctus pretium! Suscipit quis fusce per commodo! Vestibulum.,Prefer not to answer,No,3,5,2,1,3,3,3,1,2,1,1,2,2,4,2,1,2,1,5,5,4,4,1,,,Security,,Animal rights,4,40773,security,
2025-03-17 09:29:31,2025-03-17 09:29:31,Survey Test,,100,0,True,2025-03-17 09:29:31,R_0NBRD42vZ4PbQvc,,,,,,,test,,Cras sodales? Pharetra convallis mi aliquet consectetuer porttitor consectetuer fringilla rhoncus integer? Platea.,Prefer not to say,,"Dolorem ullamcorper convallis. Vestibulum non atque vestibulum a. Est iaculis platea sit quis, phasellus justo.",Yes,Female,Conservative,Independent,Currently unemployed and not seeking opportunities,"Venenatis culpa cursus porttitor accusamus sapien convallis elementum, dolor morbi tempor molestie tempora? Odio.",Yes,No,1,2,1,4,3,5,2,4,5,4,1,4,1,2,4,2,5,5,3,2,4,2,3,,,,,Astronomy,4,71079,placebo,
2025-03-17 09:29:31,2025-03-17 09:29:31,Survey Test,,100,0,True,2025-03-17 09:29:31,R_8qzDNpOCjt0j7V4,,,,,,,test,,"Arcu phasellus massa, aliquet proin integer. Consequat dignissim fusce placerat.",Native Hawaiian or Pacific Islander,,"Leo ullamcorper eu wisi mattis gravida. Facilisi. Aliquam amet, molestie rhoncus dignissim! Rhoncus.",Yes,Male,Liberal,Republican Party,Currently unemployed and not seeking opportunities,Fringilla auctor ridiculus pede ligula fermentum placerat pellentesque at ipsum consequat fermentum potenti.,Prefer not to answer,Yes,5,4,5,1,4,4,4,2,2,3,4,1,1,1,3,3,1,2,1,4,5,3,1,Central America,,,,Medicine,2,79415,general,
2025-03-17 09:29:31,2025-03-17 09:29:32,Survey Test,,100,1,True,2025-03-17 09:29:32,R_cNoItVdyr6D5Ydo,,,,,,,test,,"Dictumst! Eleifend diam sollicitudin ridiculus? Nec platea sit magna magnis, euismod nibh dictumst vitae purus.",Unknown,,Lacus ac aliquet mattis molestie sollicitudin pretium suspendisse curabitur sapien dapibus duis montes viverra.,No,Neither/Prefer not to say,Conservative,Republican Party,Employed full-time/Self-employed,Id cras suspendisse elit eros tellus laoreet. Porta! Et non eros pede.,Yes,Prefer not to answer,2,2,2,1,3,4,4,3,2,5,3,3,3,5,1,5,2,1,3,4,4,5,5,,,Security,,Medicine,4,52570,security,
2025-03-17 09:29:32,2025-03-17 09:29:32,Survey Test,,100,0,True,2025-03-17 09:29:32,R_3waLXobADCamdX8,,,,,,,test,,"Aenean? Eleifend, non eu nibh pharetra primis, dui consequat. Etiam.",Unknown,,Platea scelerisque mauris gravida pharetra nullam nunc faucibus mattis tincidunt lectus! Ultrices.,No,Neither/Prefer not to say,Neither Conservative nor Liberal,Independent,Retired,Euismod dui! Dolor platea et dignissim. Auctor felis diam maecenas magna.,No,Yes,4,5,2,3,1,2,1,1,5,4,5,5,1,5,2,1,5,5,4,1,5,4,4,Africa,,,,Astronomy,1,98674,general,
2025-03-17 09:29:32,2025-03-17 09:29:32,Survey Test,,100,0,True,2025-03-17 09:29:32,R_5pBerlQsCWkRiXc,,,,,,,test,,Culpa dui duis tempor? Turpis duis pellentesque pellentesque sem. Ab.,Other (please specify),"Consectetuer tempus. Facilisis aliquet consequat, cursus vulputate sollicitudin neque ultricies metus.",Nullam suspendisse leo non dapibus per duis mauris sodales magna mi atque.,Yes,Male,Liberal,Independent,Retired,Ab elementum! Egestas cursus et a metus enim! Non elit sollicitudin convallis lorem.,Yes,No,2,5,2,2,2,4,3,2,2,4,5,4,4,2,4,1,4,1,1,4,5,1,4,,,,,Medicine,1,29590,placebo,
2025-03-17 09:29:32,2025-03-17 09:29:32,Survey Test,,100,0,True,2025-03-17 09:29:33,R_5aNMKdJZ6sfk9v0,,,,,,,test,,Turpis ante arcu facilisis nonummy sed bibendum malesuada tincidunt elementum! Eros sapien volutpat.,White/Caucausian,,Montes consequat turpis vel! Eget platea donec est tempus blandit.,Yes,Neither/Prefer not to say,Conservative,Republican Party,Currently unemployed and not seeking opportunities,Vivamus euismod magna. In cras. Consectetuer curabitur eget! Viverra quam viverra.,Yes,No,2,2,4,5,2,5,5,1,1,2,5,1,3,5,3,1,4,5,3,3,2,1,4,,,,Culture,Migration,1,70167,culture,
2025-03-17 09:29:33,2025-03-17 09:29:33,Survey Test,,100,0,True,2025-03-17 09:29:33,R_512Lnpkq1nD7rqC,,,,,,,test,,Tempor dignissim. Dictumst gravida consectetuer accumsan primis pede. Justo facilisi.,Other (please specify),Sem? Id atque nibh tortor vestibulum tincidunt maecenas tellus tincidunt. Fusce rutrum.,Mi ac posuere. Pharetra malesuada sollicitudin auctor ac amet velit proin convallis.,No,Male,Liberal,Republican Party,Currently unemployed and seeking opportunities,Tellus fusce duis. Interdum. Arcu non nullam? Temporibus fermentum mauris. Wisi purus.,No,Prefer not to answer,4,4,4,3,5,4,2,1,5,3,5,4,4,3,5,3,2,3,2,1,5,3,2,,,,Security,Medicine,3,91036,culture,
2025-03-17 09:29:33,2025-03-17 09:29:33,Survey Test,,100,0,True,2025-03-17 09:29:33,R_789j1s22bDmVHX8,,,,,,,test,,"Ut eu! Natoque justo, volutpat temporibus. Blandit sodales suscipit auctor, vulputate vulputate! Pellentesque.",African-American/Black,,Phasellus ligula odio ultricies nunc tempus curabitur! Lectus morbi luctus nunc convallis lacus sem fermentum.,Yes,Female,Neither Conservative nor Liberal,Republican Party,Currently unemployed and seeking opportunities,"Potenti. Porttitor eget eu lorem, cras orci platea! Gravida. Laoreet? Vestibulum auctor pede eros! Ipsum.",No,No,5,4,5,1,3,5,5,2,5,3,5,4,3,5,5,5,2,1,3,3,4,1,5,,,Economy,,Migration,3,98802,security,
2025-03-17 09:29:33,2025-03-17 09:29:33,Survey Test,,100,0,True,2025-03-17 09:29:34,R_6YerBpTFDCCDXwy,,,,,,,test,,Odio odio sodales fringilla temporibus massa! Iaculis. Quis turpis nonummy tortor duis ac.,Hispanic/Latino,,"Ultrices. Cursus aliquet curabitur, felis vestibulum ullamcorper magna tempora leo commodo natoque vivamus.",Yes,Neither/Prefer not to say,Neither Conservative nor Liberal,Republican Party,Employed full-time/Self-employed,Magna neque sagittis. Est laoreet. Nec accusamus pharetra integer quam.,Prefer not to answer,Prefer not to answer,4,1,3,5,3,3,2,3,4,1,3,4,2,3,3,5,3,2,5,1,4,4,1,,,Economy,,Animal rights,4,90916,security,
2025-03-17 09:29:34,2025-03-17 09:29:34,Survey Test,,100,0,True,2025-03-17 09:29:34,R_5d2BycZYwLQ5wnI,,,,,,,test,,Nec neque enim convallis ipsum imperdiet wisi curabitur vulputate sagittis? Tempora primis porta.,Hispanic/Latino,,Massa auctor culpa nonummy. Augue! Convallis montes commodo. Ultricies neque.,Yes,Neither/Prefer not to say,Neither Conservative nor Liberal,Independent,Currently unemployed and seeking opportunities,Sapien laoreet dapibus? Dapibus vulputate? Dictumst tortor enim luctus? Est quis tempus ultrices.,Yes,Yes,5,4,1,3,2,2,4,5,1,4,3,2,4,3,2,5,4,5,3,1,4,5,3,,,,Culture,Astronomy,2,22268,culture,
2025-03-17 09:29:34,2025-03-17 09:29:34,Survey Test,,100,0,True,2025-03-17 09:29:34,R_2aazSuRyjf7NYvY,,,,,,,test,,Nibh! Mi. Molestie! Egestas accumsan maecenas primis sapien platea ac. Sit.,Native Hawaiian or Pacific Islander,,Et? Pharetra pellentesque? A ullamcorper vivamus? Gravida rhoncus curabitur mauris placerat tincidunt.,Yes,Female,Liberal,Independent,Currently unemployed and not seeking opportunities,Natoque. Nec arcu. Ac facilisi dolorem mi ullamcorper in. Dolorem.,Yes,Yes,4,1,2,1,5,3,3,2,1,1,5,5,1,4,5,2,3,2,4,2,4,5,3,,Security,,,Animal rights,2,86704,economy,
2025-03-17 09:29:34,2025-03-17 09:29:34,Survey Test,,100,0,True,2025-03-17 09:29:35,R_cISX357m6gYSyma,,,,,,,test,,Cursus. Convallis placerat consectetuer quam leo lacus magnis odio lacus praesent ab placerat nulla risus.,Two or more,,Temporibus proin auctor. Potenti accumsan odio velit iaculis nibh egestas nibh dolorem viverra rhoncus.,No,Male,Neither Conservative nor Liberal,Republican Party,Currently unemployed and seeking opportunities,Porta sodales potenti pharetra commodo in aliquam fusce eu pede viverra cursus. Ridiculus! Venenatis a.,No,Prefer not to answer,3,1,3,4,1,3,1,1,5,1,3,5,3,4,3,4,2,3,2,3,2,5,3,,,,,Migration,2,18269,placebo,
2025-03-17 09:29:35,2025-03-17 09:29:35,Survey Test,,100,0,True,2025-03-17 09:29:35,R_cDf2EyrKGM5uBNA,,,,,,,test,,Auctor. Orci malesuada vestibulum sem ultricies in accumsan etiam? Et sodales elementum sit. Luctus.,Other (please specify),Ultricies porta cras egestas. Commodo velit lorem? Imperdiet sodales tortor pede tempus wisi accusamus.,Quis non dolorem leo! Amet? Rutrum id neque donec tempus porta enim? Scelerisque vel vivamus.,No,Neither/Prefer not to say,Neither Conservative nor Liberal,Independent,Employed part-time,Suspendisse leo! Et malesuada temporibus est suscipit. Curabitur dolor diam auctor scelerisque. Turpis laoreet porta.,No,Yes,3,1,1,4,5,1,5,2,3,2,4,5,2,4,5,2,4,2,1,1,3,2,3,,,,,Astronomy,1,16628,placebo,
2025-03-17 09:29:35,2025-03-17 09:29:35,Survey Test,,100,0,True,2025-03-17 09:29:35,R_8pHq3xrRSr7yIIu,,,,,,,test,,Fusce justo! Malesuada ipsum consequat eleifend maecenas eros et ultrices cras.,African-American/Black,,Sit et lacus. Nonummy placerat commodo per auctor amet dolorem sit cras? Ipsum? Sodales.,No,Male,Conservative,Independent,Currently unemployed and not seeking opportunities,"Mauris! Temporibus nonummy? Pede eleifend fermentum! Justo, blandit volutpat elit massa. Tempora. Volutpat commodo.",Prefer not to answer,Prefer not to answer,5,2,5,4,4,1,4,3,4,4,1,5,3,4,3,4,5,4,2,3,1,3,4,Africa,,,,Animal rights,2,34748,general,
2025-03-17 09:29:35,2025-03-17 09:29:35,Survey Test,,100,0,True,2025-03-17 09:29:35,R_9t8YLDbypmUG3Qy,,,,,,,test,,"Convallis dignissim praesent sapien atque suscipit elit. Molestie. Tincidunt temporibus, luctus cras.",Native American,,"Laoreet eleifend consequat ac est placerat velit aenean ipsum gravida, ullamcorper venenatis! Convallis atque. Pede.",No,Neither/Prefer not to say,Neither Conservative nor Liberal,Democrat Party,Retired,Atque rhoncus eros? Morbi id! Id ab cras nonummy purus maecenas dignissim interdum. Ultrices porta.,Yes,Yes,5,2,2,3,5,1,4,1,3,4,5,1,4,2,3,4,1,2,3,2,3,4,2,,Economy,,,Astronomy,4,30576,economy,
2025-03-17 09:29:36,2025-03-17 09:29:36,Survey Test,,100,0,True,2025-03-17 09:29:36,R_5yF98HHAh9H81EO,,,,,,,test,,"Morbi. Egestas magna sed neque dapibus elit at cras id sapien. Sem, aliquet? Tellus tellus.",Prefer not to say,,Bibendum aenean facilisi ligula eu aliquet montes ante vehicula temporibus maecenas wisi proin elementum a.,No,Female,Conservative,Republican Party,Employed full-time/Self-employed,Aenean lectus ligula etiam culpa dui ultrices. Commodo vestibulum! Integer sapien.,Yes,Yes,1,3,2,2,3,2,2,1,3,4,1,3,4,1,1,5,2,3,3,2,5,2,5,,,,,Migration,2,73366,placebo,
2025-03-17 09:29:36,2025-03-17 09:29:36,Survey Test,,100,0,True,2025-03-17 09:29:36,R_07JivbWVLOMyc1o,,,,,,,test,,"Per suscipit fringilla ligula neque rutrum lorem, magnis ultrices etiam ipsum.",Asian,,"Tempus ante lacus dolorem imperdiet faucibus platea erat augue erat bibendum tempora faucibus, id per.",No,Neither/Prefer not to say,Neither Conservative nor Liberal,Republican Party,Currently unemployed and not seeking opportunities,"Accusamus vitae at? At bibendum egestas quis vivamus magna, tincidunt felis mi.",Prefer not to answer,Prefer not to answer,5,3,5,1,1,5,5,3,3,1,1,3,3,3,5,2,2,3,5,4,4,1,1,,,Security,,Migration,2,35743,security,
2025-03-17 09:29:36,2025-03-17 09:29:36,Survey Test,,100,0,True,2025-03-17 09:29:36,R_ePx5KT0W2tDjgiy,,,,,,,test,,Velit lectus molestie egestas blandit. Nullam rutrum cursus nibh urna sodales.,Hispanic/Latino,,"Ultricies, eleifend. Erat egestas ullamcorper amet atque ridiculus proin malesuada vivamus dictumst risus. Porta venenatis.",No,Male,Neither Conservative nor Liberal,Democrat Party,Currently unemployed and seeking opportunities,Volutpat eros interdum ridiculus! Purus! Sed at nulla dui tortor sodales? Wisi scelerisque! Platea.,Prefer not to answer,No,3,4,2,5,2,1,1,3,4,1,2,1,3,4,5,4,3,1,1,3,1,3,2,,,,Culture,Medicine,2,68326,culture,
2025-03-17 09:29:36,2025-03-17 09:29:37,Survey Test,,100,1,True,2025-03-17 09:29:37,R_57HugTb59EAgRxA,,,,,,,test,,Sapien blandit. Nulla mattis. Suscipit ab culpa vel vulputate tempus praesent scelerisque! Euismod.,Other (please specify),"Diam. Ultricies vitae sed non lacus euismod ligula luctus wisi primis mauris, tellus montes.",Culpa euismod volutpat ac pede maecenas a lacus platea ut temporibus elementum risus dolorem! Scelerisque.,Yes,Male,Liberal,Republican Party,Retired,Scelerisque eget. Tempus morbi ante temporibus mattis eu vulputate bibendum mauris! Suspendisse tortor ac dictumst.,Yes,Prefer not to answer,2,2,1,5,4,5,4,1,5,2,4,1,1,3,1,2,1,2,3,5,4,5,1,,,,,Medicine,3,69345,placebo,
2025-03-17 09:29:37,2025-03-17 09:29:37,Survey Test,,100,0,True,2025-03-17 09:29:37,R_dbybNMsM9yhAaTc,,,,,,,test,,Atque orci mauris aliquam phasellus! Dapibus vitae? Mattis tempor! Est? Temporibus per elementum.,Native Hawaiian or Pacific Islander,,In natoque natoque? Facilisi temporibus posuere porta! Vestibulum maecenas. Aliquet mauris massa cursus sodales at.,No,Female,Conservative,Independent,Currently unemployed and seeking opportunities,Nullam montes consectetuer quis porttitor. Id sed donec sit commodo accusamus facilisis.,No,No,1,1,4,4,1,1,5,5,4,5,1,2,2,3,5,2,4,3,3,4,3,5,3,,Culture,,,Astronomy,2,98222,economy,
2025-03-17 09:29:37,2025-03-17 09:29:37,Survey Test,,100,0,True,2025-03-17 09:29:37,R_eR2MSzV8lN10bpc,,,,,,,test,,Fringilla at dolor nec rutrum justo eu eleifend sed dolorem lorem natoque porttitor atque praesent.,Other (please specify),Non! Platea erat? Cras porta! Posuere consectetuer pretium ridiculus lectus. Pede eros.,"Leo amet, fermentum. Dolor luctus sem sit nulla! At curabitur potenti. Diam duis.",No,Female,Neither Conservative nor Liberal,Republican Party,Retired,"Gravida vel aenean lectus, dolorem est tempora phasellus culpa vestibulum turpis risus velit.",Prefer not to answer,No,4,3,5,3,1,3,1,3,4,4,5,2,3,1,1,2,4,3,4,3,5,5,5,,,Security,,Medicine,1,13751,security,
2025-03-17 09:29:37,2025-03-17 09:29:37,Survey Test,,100,0,True,2025-03-17 09:29:38,R_1zXyIReJyETOGou,,,,,,,test,,Laoreet fringilla facilisi tellus orci dignissim. Etiam a id. Fermentum placerat cras pharetra nonummy pellentesque.,Prefer not to say,,Vel atque sem atque scelerisque scelerisque nunc amet per aliquam urna massa suspendisse odio velit.,No,Neither/Prefer not to say,Neither Conservative nor Liberal,Democrat Party,Currently unemployed and seeking opportunities,Dignissim. Vivamus convallis nulla donec! Vulputate vitae. Bibendum fermentum. Tempus! Euismod.,No,No,4,2,3,5,1,2,5,4,3,4,3,5,2,3,5,2,2,4,1,1,2,2,1,,Economy,,,Astronomy,2,72831,economy,
2025-03-17 09:29:38,2025-03-17 09:29:38,Survey Test,,100,0,True,2025-03-17 09:29:38,R_40of3EZHyrMqy8K,,,,,,,test,,Lorem cursus. Dictumst rhoncus! Nullam malesuada. Ab montes consectetuer iaculis vivamus. Vestibulum ipsum tincidunt.,Other (please specify),Morbi. Quam. Felis facilisis turpis risus pede pede dapibus. Atque tempor tempora accusamus quis.,Maecenas metus blandit eros risus fringilla mi justo aenean magnis nunc.,Yes,Neither/Prefer not to say,Liberal,Democrat Party,Employed part-time,Nonummy? Morbi sapien molestie venenatis quam vel gravida ante. Rhoncus. Nullam.,Yes,Prefer not to answer,1,1,1,3,3,5,2,5,2,3,5,5,5,2,1,2,2,1,2,2,5,2,2,,,,Culture,Migration,1,13891,culture,
2025-03-17 09:29:38,2025-03-17 09:29:38,Survey Test,,100,0,True,2025-03-17 09:29:38,R_3Qs0WjFKKnvXHp4,,,,,,,test,,"Duis blandit lorem interdum tortor. Justo! Sollicitudin ultricies magnis? Diam quis donec, convallis.",Native American,,Pretium volutpat culpa volutpat duis ultricies. Primis ab turpis! Enim donec leo ante vel.,No,Male,Neither Conservative nor Liberal,Democrat Party,Currently unemployed and not seeking opportunities,Nonummy etiam imperdiet laoreet. Nec vel ultricies consectetuer metus tortor.,Prefer not to answer,Yes,5,1,3,1,3,4,1,5,5,1,2,4,1,5,2,4,4,4,4,5,5,1,5,,Culture,,,Animal rights,1,80869,economy,
2025-03-17 09:29:38,2025-03-17 09:29:38,Survey Test,,100,0,True,2025-03-17 09:29:39,R_bpAMczeluCEaMhE,,,,,,,test,,Amet turpis sapien convallis orci laoreet ultricies lectus risus. Posuere.,Two or more,,"Culpa, convallis risus egestas nulla pharetra faucibus iaculis, tempor venenatis convallis proin egestas.",Yes,Female,Liberal,Democrat Party,Currently unemployed and seeking opportunities,"Justo malesuada? Ut amet purus sit amet potenti, vel augue.",No,Yes,3,1,1,3,5,5,2,4,1,1,3,2,1,4,4,2,5,4,2,2,5,2,3,,,,,Animal rights,3,42961,placebo,
2025-03-17 09:29:39,2025-03-17 09:29:39,Survey Test,,100,0,True,2025-03-17 09:29:39,R_9HvDiO69heXPYTs,,,,,,,test,,Commodo sollicitudin. Elit luctus? Egestas tincidunt lorem. Ridiculus. Urna. Tempus mattis fermentum est.,Other (please specify),"Tortor elit, pede sit velit enim urna malesuada mauris, etiam luctus augue.","Etiam praesent eu. Elementum blandit euismod tincidunt atque. Bibendum. Consequat suscipit, sodales vehicula? Facilisi. Sit.",Yes,Neither/Prefer not to say,Conservative,Independent,Retired,Ut praesent aliquam commodo phasellus euismod felis. Eleifend! Pellentesque suscipit est placerat atque wisi nulla.,No,No,2,5,4,4,4,1,4,3,4,3,3,4,2,3,5,2,4,1,3,2,3,2,1,Central America,,,,Animal rights,4,17636,general,
2025-03-17 09:29:39,2025-03-17 09:29:39,Survey Test,,100,0,True,2025-03-17 09:29:39,R_eqXgBxLxb1qevDU,,,,,,,test,,"Donec quis pretium nec mattis volutpat vulputate malesuada imperdiet? At! Augue, neque! Ut.",Native Hawaiian or Pacific Islander,,"Tempus imperdiet dictumst commodo, temporibus id, aliquam per massa duis sed natoque. Porttitor donec.",Yes,Female,Liberal,Republican Party,Employed full-time/Self-employed,Metus. Aliquam sit! Ligula sem consectetuer euismod vitae posuere ridiculus lacus pharetra rhoncus.,No,No,2,4,2,3,4,2,4,3,5,3,3,5,1,1,4,5,3,2,5,1,2,2,4,,,,,Migration,3,11891,placebo,
2025-03-17 09:29:39,2025-03-17 09:29:40,Survey Test,,100,1,True,2025-03-17 09:29:40,R_4GcuF62r3UIqjFc,,,,,,,test,,Arcu! Non ridiculus quis scelerisque accusamus pellentesque consequat tortor pretium molestie non proin porttitor.,Native American,,Sit potenti. Bibendum tellus risus tempor etiam per at duis? Metus. Metus rutrum imperdiet.,No,Neither/Prefer not to say,Liberal,Independent,Employed full-time/Self-employed,Neque curabitur proin vestibulum dictumst erat auctor faucibus odio porta.,No,Prefer not to answer,3,2,1,3,5,4,2,2,5,5,5,2,5,3,2,3,2,4,2,1,2,2,4,,,Security,,Astronomy,1,80321,security,
2025-03-17 09:29:40,2025-03-17 09:29:40,Survey Test,,100,0,True,2025-03-17 09:29:40,R_d6DbAeHdVVjvcyO,,,,,,,test,,Euismod pede platea. Aenean dapibus cursus leo malesuada scelerisque cursus. Consectetuer magna leo.,African-American/Black,,Neque. Dui ut dui. Dolorem? Dictumst etiam commodo. Molestie phasellus.,No,Neither/Prefer not to say,Neither Conservative nor Liberal,Republican Party,Currently unemployed and seeking opportunities,"Convallis. Facilisi purus integer maecenas, mauris! Temporibus convallis rutrum. Tortor.",Yes,Prefer not to answer,3,4,2,3,3,3,5,2,4,2,2,2,2,4,3,1,4,4,3,2,3,5,2,,,,,Migration,2,11314,placebo,
2025-03-17 09:29:40,2025-03-17 09:29:40,Survey Test,,100,0,True,2025-03-17 09:29:41,R_0BTvszYZwRcpUjA,,,,,,,test,,"Suscipit praesent integer per bibendum ridiculus pede. Phasellus non. Pharetra, enim pede pharetra imperdiet? Consectetuer.",Native American,,"Temporibus posuere fermentum, blandit faucibus, blandit sagittis. Praesent id leo tincidunt. Eu elit dui.",Yes,Neither/Prefer not to say,Conservative,Republican Party,Employed part-time,"Lorem erat, tempora molestie ullamcorper facilisi sagittis. Consequat pretium. Est at consequat. Vehicula temporibus.",No,Yes,4,4,4,2,5,2,1,5,2,5,3,2,5,3,1,3,5,3,2,2,1,1,5,Africa,,,,Astronomy,1,27691,general,
2025-03-17 09:29:41,2025-03-17 09:29:41,Survey Test,,100,0,True,2025-03-17 09:29:41,R_74zWrm44AAU5Nk2,,,,,,,test,,"Suspendisse per est ut dui urna elementum dui natoque wisi sem, sollicitudin. Interdum aliquam.",Two or more,,"Scelerisque morbi facilisi, fusce sodales vitae massa etiam! Aliquet est ante scelerisque nec facilisis laoreet.",Yes,Neither/Prefer not to say,Conservative,Republican Party,Currently unemployed and seeking opportunities,Porta natoque wisi. Ligula faucibus! Commodo nullam maecenas facilisis dolor posuere rutrum? Venenatis.,Yes,No,3,5,2,5,3,4,4,3,5,4,1,1,4,2,4,5,3,5,2,2,2,5,1,,Economy,,,Animal rights,1,26168,economy,
2025-03-17 09:29:41,2025-03-17 09:29:41,Survey Test,,100,0,True,2025-03-17 09:29:41,R_1LykP66pCvxGxNQ,,,,,,,test,,Enim culpa proin volutpat accumsan primis sapien lectus viverra imperdiet culpa.,Unknown,,Tempora tempor rutrum. Quis! Iaculis ante aliquet porta. Ab quis? Auctor! Donec pede non et.,No,Male,Neither Conservative nor Liberal,Republican Party,Employed full-time/Self-employed,"Laoreet! Facilisi, tortor donec accusamus pellentesque. Et bibendum. Pede elit.",Prefer not to answer,Yes,5,3,4,1,4,5,5,5,4,1,3,5,3,4,3,1,3,1,2,2,1,3,1,,,,Economy,Animal rights,3,14659,culture,
2025-03-17 09:29:41,2025-03-17 09:29:41,Survey Test,,100,0,True,2025-03-17 09:29:42,R_8CkC9X6H0foYFDw,,,,,,,test,,Tempus ante. Facilisis est. Porta integer? Quam vulputate consectetuer posuere et sit vel amet purus.,Asian,,"Sodales proin aliquet fermentum commodo! Sagittis tempora et dapibus posuere, luctus? Atque. Lectus tempus proin.",Yes,Neither/Prefer not to say,Neither Conservative nor Liberal,Democrat Party,Currently unemployed and seeking opportunities,"Ut. Sollicitudin! Quam scelerisque faucibus mauris, leo magnis porttitor vulputate.",Yes,Prefer not to answer,4,3,2,3,4,1,5,5,3,5,5,4,1,3,5,2,1,5,2,2,1,3,5,,,,,Medicine,4,46990,placebo,
2025-03-17 09:29:42,2025-03-17 09:29:42,Survey Test,,100,0,True,2025-03-17 09:29:42,R_2gU9rlXAhh4kJkG,,,,,,,test,,Malesuada leo amet felis ut pede scelerisque nec pretium orci eu proin sit volutpat.,Unknown,,"Lectus scelerisque non dapibus, metus cursus placerat nunc felis tempor, sollicitudin fringilla commodo diam.",Yes,Male,Neither Conservative nor Liberal,Democrat Party,Employed part-time,Et atque natoque ultricies metus. Ac? Pede felis sollicitudin urna platea bibendum lacus! Enim sit.,Prefer not to answer,Prefer not to answer,3,5,2,4,5,5,4,3,1,5,3,5,2,1,5,1,5,5,4,2,5,1,5,,,,Culture,Astronomy,3,69210,culture,
2025-03-17 09:29:42,2025-03-17 09:29:42,Survey Test,,100,0,True,2025-03-17 09:29:42,R_9Nsjbsv9wZXt6rI,,,,,,,test,,Orci? Metus aenean. Viverra pellentesque ante vulputate elit ante ullamcorper at. Gravida magna donec accusamus.,White/Caucausian,,Convallis vestibulum ipsum porttitor mi molestie magna rutrum ullamcorper at? A ultricies rutrum? In. Potenti.,Yes,Neither/Prefer not to say,Conservative,Democrat Party,Retired,Ab cras dictumst lectus pellentesque sapien curabitur urna molestie. Duis. Ridiculus mauris justo vivamus.,No,Prefer not to answer,5,2,1,2,2,2,1,5,5,1,5,2,3,3,2,4,4,2,5,3,2,5,3,Central America,,,,Migration,3,33961,general,
2025-03-17 09:29:42,2025-03-17 09:29:42,Survey Test,,100,0,True,2025-03-17 09:29:43,R_6o47HGyAWEo4CNw,,,,,,,test,,"Viverra lacus. Per, risus auctor. In temporibus. Placerat a erat sollicitudin et odio duis, viverra.",Two or more,,Etiam imperdiet wisi maecenas blandit enim malesuada ligula wisi et montes ac vitae.,Yes,Female,Liberal,Democrat Party,Employed part-time,Sapien nec proin proin fusce temporibus suspendisse? Elementum purus integer mi nunc auctor tempora. Malesuada.,Prefer not to answer,Yes,3,1,3,2,3,3,4,2,3,5,3,5,3,4,1,1,3,5,4,5,4,4,5,,,Economy,,Migration,4,92795,security,
2025-03-17 09:29:43,2025-03-17 09:29:43,Survey Test,,100,0,True,2025-03-17 09:29:43,R_29lRrdA9vLiaBMi,,,,,,,test,,"Sollicitudin ultricies arcu, bibendum nibh luctus consequat ligula. Euismod nibh. Faucibus! Tincidunt, interdum elementum.",Two or more,,"Fusce potenti, eu dolor neque bibendum sapien ipsum, mattis tempor.",No,Neither/Prefer not to say,Neither Conservative nor Liberal,Democrat Party,Currently unemployed and seeking opportunities,"Risus tellus consectetuer viverra dignissim turpis dolor erat nibh? Orci luctus ultricies, potenti ante molestie.",Yes,No,3,4,1,1,5,4,5,4,2,5,1,2,5,1,2,3,3,4,4,5,2,1,2,,,Security,,Medicine,4,23075,security,
2025-03-17 09:29:43,2025-03-17 09:29:43,Survey Test,,100,0,True,2025-03-17 09:29:43,R_elCWJLL9LOJFIpM,,,,,,,test,,"Aliquet elementum in vehicula, euismod elit sed cursus vivamus leo viverra.",Prefer not to say,,"Placerat ullamcorper aliquam. Consectetuer viverra proin nec, rhoncus fusce sagittis diam ultrices et? Est porta.",Yes,Neither/Prefer not to say,Conservative,Republican Party,Employed full-time/Self-employed,Egestas nulla. Potenti euismod ut faucibus vel diam nullam! Odio sodales.,Prefer not to answer,Yes,1,1,5,1,5,3,2,2,3,2,1,3,2,4,3,1,5,2,1,5,5,5,4,,,Economy,,Medicine,4,85205,security,
2025-03-17 09:29:43,2025-03-17 09:29:44,Survey Test,,100,1,True,2025-03-17 09:29:44,R_3JySrigSvDe1k5U,,,,,,,test,,"Porta magnis placerat nec ipsum. Ullamcorper porttitor sapien, convallis dictumst eleifend.",Prefer not to say,,Metus ultricies turpis? Turpis. Erat dolor facilisi orci praesent ac fusce platea.,Yes,Neither/Prefer not to say,Neither Conservative nor Liberal,Republican Party,Employed full-time/Self-employed,"Sit! Placerat. Rhoncus curabitur eu non ligula, duis in arcu sapien nonummy.",Yes,No,4,4,1,1,1,3,3,3,4,2,3,2,2,4,4,5,3,2,3,3,5,1,3,,,Economy,,Migration,4,62656,security,
2025-03-17 09:29:44,2025-03-17 09:29:44,Survey Test,,100,0,True,2025-03-17 09:29:44,R_8wRh5ZspMS7e8iW,,,,,,,test,,"Facilisi interdum vivamus mauris? Nulla, fringilla nullam integer tincidunt fermentum porta.",Asian,,Magnis nulla eros facilisi magna. Auctor? Et elit malesuada tortor porta pellentesque vivamus praesent pretium.,Yes,Male,Liberal,Democrat Party,Employed full-time/Self-employed,Ligula tincidunt metus volutpat! Duis sagittis primis aliquet mauris ridiculus? Facilisi sit! Sit cursus.,Prefer not to answer,No,4,2,3,4,3,5,1,5,5,2,4,2,2,2,2,2,1,4,4,5,5,1,1,Africa,,,,Astronomy,4,72723,general,
2025-03-17 09:29:44,2025-03-17 09:29:44,Survey Test,,100,0,True,2025-03-17 09:29:44,R_eA8ylY11RcHsdhk,,,,,,,test,,Dolorem eget per ridiculus pellentesque ligula! Sed. Accusamus atque porttitor nonummy.,Unknown,,Pharetra euismod montes justo duis nibh platea amet lectus vivamus et natoque.,No,Neither/Prefer not to say,Liberal,Republican Party,Employed part-time,Turpis dapibus nonummy natoque blandit posuere! Augue faucibus sapien! Euismod! Dignissim! Vulputate pretium. Velit? Pede.,No,No,4,4,4,3,1,3,3,2,3,5,5,2,5,3,5,2,5,1,1,2,4,1,3,,,,,Animal rights,1,90165,placebo,
2025-03-17 09:29:44,2025-03-17 09:29:45,Survey Test,,100,1,True,2025-03-17 09:29:45,R_3kCHC3ygjhs3PGS,,,,,,,test,,Quam wisi rutrum ab etiam vulputate est leo pretium natoque convallis molestie tempor.,Unknown,,"Donec ab tellus enim mattis elementum massa eu. Egestas euismod, laoreet, ac euismod vestibulum. Wisi.",No,Neither/Prefer not to say,Conservative,Republican Party,Retired,Pharetra. Eget venenatis massa felis vehicula natoque interdum risus eleifend.,Prefer not to answer,Prefer not to answer,2,2,2,2,1,5,4,3,4,1,1,2,1,2,3,5,1,5,5,3,5,2,5,,,,,Astronomy,3,17230,placebo,
2025-03-17 09:29:45,2025-03-17 09:29:45,Survey Test,,100,0,True,2025-03-17 09:29:45,R_5jocyokU6dpABDw,,,,,,,test,,Vulputate vivamus dictumst suspendisse lacus platea urna enim in porttitor etiam eleifend magnis odio.,Native American,,Nec blandit accumsan ultrices leo gravida gravida aliquam per vitae enim metus maecenas suspendisse vel.,Yes,Female,Liberal,Republican Party,Employed full-time/Self-employed,"Magna auctor ullamcorper amet sed maecenas a vel, consequat duis lorem ridiculus lectus duis metus.",Prefer not to answer,Prefer not to answer,5,2,2,5,2,5,5,4,2,5,3,3,2,5,5,5,3,1,3,1,4,2,4,,Culture,,,Astronomy,4,46644,economy,
2025-03-17 09:29:45,2025-03-17 09:29:45,Survey Test,,100,0,True,2025-03-17 09:29:45,R_eV7U3CCa9UQeLb0,,,,,,,test,,"Ac eleifend aenean tempus donec. Ipsum id dapibus consectetuer proin elementum purus, lectus phasellus ullamcorper.",Asian,,Donec! Tortor donec justo blandit temporibus nonummy? Felis nunc lectus est? Auctor nonummy placerat.,Yes,Neither/Prefer not to say,Neither Conservative nor Liberal,Republican Party,Employed part-time,Aliquet convallis egestas posuere? Purus nonummy porta magnis porttitor! Posuere accumsan donec.,Yes,No,5,4,1,3,5,1,1,1,1,4,3,5,1,4,1,2,2,1,5,1,4,3,4,,,Culture,,Animal rights,3,81667,security,
2025-03-17 09:29:45,2025-03-17 09:29:46,Survey Test,,100,1,True,2025-03-17 09:29:46,R_cvi0qCNWdHCkudU,,,,,,,test,,Facilisis cras culpa aenean tellus pretium nonummy maecenas porta dolor porttitor temporibus odio fusce scelerisque.,Two or more,,"Dictumst! Eu molestie eleifend tempor nullam. Euismod nonummy, atque leo. Culpa? Tempus tortor risus.",No,Neither/Prefer not to say,Conservative,Democrat Party,Currently unemployed and seeking opportunities,Augue? Metus pede vivamus egestas faucibus eleifend temporibus laoreet amet dapibus.,Prefer not to answer,Prefer not to answer,4,2,5,5,5,1,2,5,2,5,3,2,3,3,2,3,4,4,4,5,5,1,4,Africa,,,,Migration,3,60957,general,
2025-03-17 09:29:46,2025-03-17 09:29:46,Survey Test,,100,0,True,2025-03-17 09:29:46,R_ebsH05nYvphcdVA,,,,,,,test,,"Curabitur, sed diam phasellus dui viverra eget nec duis lectus pretium a.",Two or more,,"Vehicula! Eget, wisi amet. Leo consectetuer mattis tempus tincidunt! Montes eros etiam magnis? Erat.",Yes,Neither/Prefer not to say,Conservative,Democrat Party,Currently unemployed and not seeking opportunities,Scelerisque nunc? Nec. Ultricies risus molestie platea. Dignissim nulla tincidunt.,Prefer not to answer,Prefer not to answer,1,1,4,4,1,1,4,5,4,5,3,4,1,3,5,2,4,2,1,2,2,2,5,Central America,,,,Medicine,4,73520,general,
2025-03-17 09:29:46,2025-03-17 09:29:46,Survey Test,,100,0,True,2025-03-17 09:29:46,R_3Eh6X80QlNVfCnk,,,,,,,test,,Viverra sagittis! Elit malesuada ut sed faucibus arcu nibh sit enim dolorem dignissim.,Native Hawaiian or Pacific Islander,,Scelerisque? Eros atque eros risus sagittis euismod? Blandit! Turpis mi dolor sit urna. Natoque.,No,Female,Liberal,Republican Party,Retired,Temporibus platea phasellus ultricies faucibus culpa diam faucibus accumsan felis purus interdum? Mi pretium.,Prefer not to answer,Prefer not to answer,5,4,5,2,2,4,4,3,2,3,2,3,2,4,3,1,1,3,3,5,4,3,1,,,,Economy,Medicine,3,92638,culture,
2025-03-17 09:29:47,2025-03-17 09:29:47,Survey Test,,100,0,True,2025-03-17 09:29:47,R_6lq0UXEecKTHRpY,,,,,,,test,,"Eu magnis vulputate, ut praesent ultricies arcu nullam. Interdum posuere elementum phasellus.",Other (please specify),Ante turpis nibh? Maecenas tincidunt ullamcorper pede rhoncus consectetuer sollicitudin. Diam! Eros.,Phasellus malesuada tincidunt dictumst! Laoreet duis et diam porta duis pretium.,No,Male,Liberal,Democrat Party,Employed part-time,Vehicula? Primis tellus et eleifend porta temporibus? Suspendisse ultricies odio maecenas vitae pharetra.,Prefer not to answer,Prefer not to answer,2,3,2,3,5,5,4,5,5,5,2,3,1,5,4,3,4,1,3,3,1,1,4,Central America,,,,Animal rights,2,23254,general,
2025-03-17 09:29:47,2025-03-17 09:29:47,Survey Test,,100,0,True,2025-03-17 09:29:47,R_cH17ginGq6rP5TU,,,,,,,test,,Morbi. Commodo consequat natoque! Eu. Justo sit elit pede? A a pede phasellus.,Native American,,Ullamcorper et egestas! Quis pellentesque pede interdum fermentum risus? Dapibus posuere.,No,Female,Conservative,Democrat Party,Currently unemployed and seeking opportunities,"Lacus, eu quis nulla. Viverra accumsan primis ante sollicitudin faucibus felis orci.",Prefer not to answer,Prefer not to answer,4,5,5,4,4,4,5,5,1,2,1,5,4,1,3,3,1,1,3,5,5,5,4,,Economy,,,Astronomy,2,87262,economy,
2025-03-17 09:29:47,2025-03-17 09:29:47,Survey Test,,100,0,True,2025-03-17 09:29:48,R_79DIueDnEHQdD7M,,,,,,,test,,Pretium euismod fusce egestas consequat. Ligula. Maecenas ac molestie! Magna.,Prefer not to say,,Sem facilisis magnis morbi? Eros imperdiet sit gravida risus fermentum.,No,Female,Liberal,Democrat Party,Employed part-time,Orci tellus. Ipsum sagittis? At pede. Maecenas? Felis urna ut.,Prefer not to answer,Prefer not to answer,2,5,3,5,3,3,1,1,3,3,1,5,4,4,3,4,5,4,1,4,1,2,1,,,,Security,Astronomy,2,29242,culture,
2025-03-17 09:29:48,2025-03-17 09:29:48,Survey Test,,100,0,True,2025-03-17 09:29:48,R_es5lZtZMDVwNogu,,,,,,,test,,Est. Fringilla felis rutrum ab. Rutrum est rutrum phasellus amet.,African-American/Black,,"Orci integer phasellus morbi ante! Massa blandit. Commodo tempora laoreet egestas laoreet gravida, malesuada? Potenti.",Yes,Neither/Prefer not to say,Liberal,Democrat Party,Currently unemployed and seeking opportunities,Tortor. Montes tempus platea tincidunt. A elit auctor dolorem nec metus euismod.,No,Prefer not to answer,5,5,4,3,1,4,3,5,4,4,1,1,2,2,4,4,2,1,3,1,3,1,4,,,,Culture,Animal rights,1,86514,culture,
2025-03-17 09:29:48,2025-03-17 09:29:48,Survey Test,,100,0,True,2025-03-17 09:29:48,R_9uDljK2eaQGBUl8,,,,,,,test,,"Risus cursus tincidunt, pharetra? Curabitur maecenas vel velit ab justo montes.",Unknown,,Tempus sem tincidunt wisi venenatis proin ultrices justo. Porttitor dapibus posuere.,Yes,Neither/Prefer not to say,Neither Conservative nor Liberal,Democrat Party,Employed part-time,"Viverra atque. Fermentum justo porta, elit eu tempus volutpat. Eu sed phasellus accumsan.",Prefer not to answer,Yes,1,5,1,3,2,2,2,5,1,5,2,2,5,5,4,1,2,4,5,3,4,2,3,,Economy,,,Astronomy,3,58400,economy,
2025-03-17 09:29:48,2025-03-17 09:29:48,Survey Test,,100,0,True,2025-03-17 09:29:48,R_bjFp3Z0kbCbaWG2,,,,,,,test,,"Porta amet eros ultricies dictumst tempor, laoreet montes nunc bibendum.",African-American/Black,,Auctor integer aliquam fermentum at. Euismod integer per praesent ullamcorper platea tortor.,Yes,Female,Liberal,Democrat Party,Currently unemployed and not seeking opportunities,"Eget orci tortor tortor lectus? Sed ligula dui, auctor tellus faucibus amet.",No,Yes,2,5,2,5,2,5,3,3,2,2,2,3,5,5,5,3,1,5,3,5,5,1,3,,,,Economy,Medicine,2,97331,culture,
2025-03-17 09:29:49,2025-03-17 09:29:49,Survey Test,,100,0,True,2025-03-17 09:29:49,R_ez00F9lsAdBrXzU,,,,,,,test,,Curabitur pellentesque posuere rutrum felis gravida! Montes malesuada platea montes. Enim proin placerat fermentum id.,Native Hawaiian or Pacific Islander,,"Phasellus imperdiet scelerisque? Vestibulum blandit mi mi eget, suspendisse, quis.",No,Female,Liberal,Independent,Employed full-time/Self-employed,Luctus turpis nunc nonummy. Ab a nonummy metus? Arcu bibendum.,Prefer not to answer,No,3,5,2,3,4,3,5,2,4,5,1,1,1,4,1,3,2,5,3,2,5,5,2,,,,,Astronomy,3,99270,placebo,
2025-03-17 09:29:49,2025-03-17 09:29:49,Survey Test,,100,0,True,2025-03-17 09:29:49,R_2gbPl3fYHq37ew6,,,,,,,test,,"Neque interdum maecenas, urna tempor commodo etiam, tempus? Velit cras! Dapibus urna.",Other (please specify),Per justo auctor ipsum mattis vulputate? Risus dignissim faucibus fermentum. Culpa sollicitudin sem.,"Facilisi, molestie aliquet consectetuer morbi. Pharetra euismod sollicitudin vehicula at? Risus. Volutpat elementum! Lacus.",Yes,Male,Conservative,Republican Party,Retired,Quis bibendum viverra. Ante tempus temporibus consequat ut. Et venenatis aenean vitae.,Prefer not to answer,Yes,2,5,4,4,1,4,3,2,1,4,2,3,4,5,3,4,2,2,5,3,3,3,2,Middle East,,,,Migration,4,62805,general,
2025-03-17 09:29:49,2025-03-17 09:29:49,Survey Test,,100,0,True,2025-03-17 09:29:49,R_6lJdiKCqzENhgZE,,,,,,,test,,"Vestibulum bibendum fringilla mattis, eu risus tempora, phasellus tempus imperdiet porttitor wisi eros.",Asian,,Etiam dui volutpat ligula amet fringilla in molestie. Culpa sem molestie ridiculus culpa.,No,Male,Liberal,Republican Party,Employed full-time/Self-employed,Lorem imperdiet? Nec ligula arcu. Placerat platea faucibus posuere non? Dignissim! Ullamcorper.,Yes,Yes,5,3,3,3,2,4,4,3,1,2,2,3,2,5,1,1,2,2,3,5,2,2,1,,,,,Medicine,4,55765,placebo,
2025-03-17 09:29:49,2025-03-17 09:29:50,Survey Test,,100,1,True,2025-03-17 09:29:50,R_0ukV6N2BkSmi8Iu,,,,,,,test,,Convallis aenean luctus. Porttitor quis purus! Imperdiet diam euismod ut sollicitudin molestie mi wisi.,Unknown,,"At proin praesent pede viverra? Pede elit, consectetuer, temporibus vehicula turpis ac.",No,Neither/Prefer not to say,Liberal,Democrat Party,Employed part-time,"Natoque. Ac ullamcorper tempora, viverra. Risus. Duis rutrum magna, metus fusce orci nibh.",Prefer not to answer,No,4,4,3,2,4,3,3,2,1,3,4,1,3,5,5,4,2,5,2,2,3,1,1,,,,,Medicine,1,52738,placebo,
2025-03-17 09:29:50,2025-03-17 09:29:50,Survey Test,,100,0,True,2025-03-17 09:29:50,R_5AblNdN4f0OyINo,,,,,,,test,,Suscipit! Etiam. Interdum vel mi commodo scelerisque leo tortor wisi. Viverra.,Other (please specify),"Urna tellus mattis! Sit porta malesuada. Arcu eu quis, non magna egestas rutrum vestibulum.","Aliquet justo. Temporibus? Commodo? Rhoncus eleifend, vestibulum curabitur non montes viverra tincidunt.",Yes,Neither/Prefer not to say,Liberal,Republican Party,Employed full-time/Self-employed,Turpis justo primis. Elit. Natoque enim phasellus elementum ultricies pede accumsan ante.,Prefer not to answer,No,2,4,4,2,2,5,1,3,2,3,5,5,5,5,5,4,3,5,4,3,2,5,1,,,,Economy,Animal rights,2,72894,culture,
2025-03-17 09:29:50,2025-03-17 09:29:50,Survey Test,,100,0,True,2025-03-17 09:29:50,R_3dBVvr4tZHhQBkW,,,,,,,test,,"Sem? In pharetra culpa natoque, lorem eget potenti? Vestibulum? Nec diam.",Two or more,,Venenatis dapibus et sagittis suscipit ultrices ante erat vestibulum ante primis.,Yes,Neither/Prefer not to say,Conservative,Republican Party,Employed part-time,Purus! At dui ligula egestas at curabitur ligula. Egestas nullam. Metus vel ante quis.,Prefer not to answer,Prefer not to answer,5,5,1,1,3,1,3,5,4,3,1,4,1,4,4,3,2,1,4,2,4,1,4,,,,,Animal rights,4,65515,placebo,
2025-03-17 09:29:50,2025-03-17 09:29:51,Survey Test,,100,1,True,2025-03-17 09:29:51,R_3pUZsDyQ3BtFJgW,,,,,,,test,,Nullam imperdiet? Mauris tellus! Malesuada euismod proin nonummy platea vitae temporibus.,Other (please specify),Pharetra justo cursus diam mauris nulla vivamus in egestas sodales egestas proin rhoncus vestibulum.,Et curabitur! Urna id orci felis dictumst accumsan integer? Volutpat.,No,Female,Neither Conservative nor Liberal,Independent,Retired,"A. Vel velit montes non fusce tempora sollicitudin, placerat ultrices vehicula! Convallis, risus rhoncus rhoncus.",Prefer not to answer,Prefer not to answer,2,5,5,5,5,2,1,4,4,3,2,2,3,5,2,3,3,2,2,3,1,4,3,,Economy,,,Animal rights,1,91886,economy,
2025-03-17 09:29:51,2025-03-17 09:29:51,Survey Test,,100,0,True,2025-03-17 09:29:51,R_2rjklSdRX7jfUHk,,,,,,,test,,"Potenti phasellus pretium. Nullam sem nulla et duis et? Nunc! Imperdiet laoreet, tempus quis. Fermentum.",Other (please specify),Ac. Eleifend nullam! Placerat volutpat commodo morbi. Sit per malesuada dictumst.,"Tellus leo fringilla nonummy, sit luctus molestie tempus rutrum et sit. Fusce.",No,Female,Liberal,Democrat Party,Employed full-time/Self-employed,"Risus, tellus suscipit? Magna. Ab. Ab malesuada mauris temporibus a. Nunc leo sollicitudin.",Yes,No,5,5,1,1,3,1,3,3,2,5,4,2,1,4,4,5,4,4,5,4,4,3,5,,Economy,,,Animal rights,1,16755,economy,
2025-03-17 09:29:51,2025-03-17 09:29:51,Survey Test,,100,0,True,2025-03-17 09:29:51,R_6PeLd5jVh2Ucv1s,,,,,,,test,,Ultricies morbi a dapibus pellentesque lorem odio? Porta sem rutrum proin ab cras rutrum ab.,Unknown,,Temporibus fusce vestibulum rhoncus orci nibh leo maecenas nulla quam.,Yes,Neither/Prefer not to say,Neither Conservative nor Liberal,Republican Party,Currently unemployed and seeking opportunities,"Ante a ipsum tincidunt nullam eu odio leo, mattis lectus, egestas? Ab? Per.",Yes,No,5,3,3,5,1,2,5,4,1,2,3,4,2,5,3,1,5,2,4,1,2,2,1,,Economy,,,Migration,3,24777,economy,
2025-03-17 09:29:52,2025-03-17 09:29:52,Survey Test,,100,0,True,2025-03-17 09:29:52,R_5hbO6B3Rw1IO9QG,,,,,,,test,,Amet vehicula ipsum pede venenatis cursus vulputate porta proin tellus ipsum aliquet phasellus amet.,Two or more,,Nec felis vehicula per tincidunt neque. Vehicula ligula? Aenean temporibus sodales volutpat imperdiet urna.,No,Neither/Prefer not to say,Liberal,Republican Party,Employed full-time/Self-employed,Dui diam nulla ridiculus? Laoreet nulla vivamus arcu cras. Id sed fusce.,Prefer not to answer,Yes,2,2,3,3,5,5,3,1,1,4,5,1,1,1,3,4,3,3,1,3,2,3,5,Middle East,,,,Medicine,2,79986,general,
2025-03-17 09:29:52,2025-03-17 09:29:52,Survey Test,,100,0,True,2025-03-17 09:29:52,R_bxSKemvOWy059dk,,,,,,,test,,"Magnis est maecenas phasellus sapien sodales, ipsum vehicula quis metus nibh consectetuer ac.",Unknown,,"Etiam? Eu. Ut sodales dui sollicitudin aenean ligula, mauris vehicula ab laoreet placerat, enim.",Yes,Neither/Prefer not to say,Conservative,Republican Party,Currently unemployed and seeking opportunities,"Atque euismod cras velit. Fringilla euismod auctor? Sapien mattis, aenean! Magnis consequat ut sed.",No,Yes,5,1,2,2,3,2,4,1,3,3,4,3,4,4,3,4,5,2,1,5,4,5,5,,,Economy,,Medicine,2,35347,security,
2025-03-17 09:29:52,2025-03-17 09:29:52,Survey Test,,100,0,True,2025-03-17 09:29:53,R_b3meA3Rl0RdSyge,,,,,,,test,,Phasellus! Fringilla. Fringilla ut. Nulla primis? Accumsan ultrices eros orci id.,White/Caucausian,,Pharetra natoque in. Vitae accumsan placerat facilisis. Eleifend amet mi? Duis non consectetuer. Arcu elementum.,No,Female,Liberal,Democrat Party,Employed full-time/Self-employed,Gravida! Quam leo sodales sapien? Mattis augue sapien bibendum lorem consectetuer facilisi.,Prefer not to answer,Yes,2,1,3,2,3,5,1,1,1,2,5,5,4,4,3,1,5,5,3,2,5,2,1,,,Economy,,Medicine,3,31235,security,
2025-03-17 09:29:53,2025-03-17 09:29:53,Survey Test,,100,0,True,2025-03-17 09:29:53,R_abDlHZo6JK9ZlwW,,,,,,,test,,Pellentesque placerat scelerisque? Odio primis ut venenatis! Ridiculus? Id non fringilla venenatis potenti.,Other (please specify),"Dui? Ab viverra phasellus? Proin felis eros nulla id aliquet vivamus rutrum, natoque sollicitudin ipsum.",Nibh potenti? Quis commodo. Fringilla? Nullam morbi vulputate. Vivamus sollicitudin temporibus proin sagittis vulputate temporibus.,Yes,Neither/Prefer not to say,Conservative,Democrat Party,Retired,Volutpat magnis montes amet venenatis? Dapibus porttitor curabitur et consequat massa tellus.,Prefer not to answer,Yes,5,4,1,1,3,2,2,5,3,5,2,4,3,3,5,5,4,1,2,5,3,4,3,,Economy,,,Animal rights,2,94401,economy,
2025-03-17 09:29:53,2025-03-17 09:29:53,Survey Test,,100,0,True,2025-03-17 09:29:53,R_0UrOPU6u75zlR42,,,,,,,test,,Fusce faucibus faucibus gravida atque felis a per urna magnis ullamcorper! Tortor sollicitudin.,African-American/Black,,"Consequat. Luctus integer pellentesque integer vulputate odio, curabitur. Viverra. Ultricies.",No,Male,Conservative,Independent,Currently unemployed and seeking opportunities,Consectetuer! Neque vivamus massa rhoncus! Platea risus at aliquam sed pharetra? Magna.,No,Prefer not to answer,4,4,5,5,1,1,1,4,4,1,5,2,1,5,2,1,5,1,1,2,5,1,2,,Security,,,Animal rights,3,57079,economy,
2025-03-17 09:29:53,2025-03-17 09:29:54,Survey Test,,100,1,True,2025-03-17 09:29:54,R_796YCsNyFybsQse,,,,,,,test,,Vitae ante lectus dui! Egestas donec wisi tellus rutrum magna dictumst pretium odio malesuada eget.,Native American,,"Venenatis. Eget, auctor cursus duis lectus metus, sem, quis. Mauris! Mattis fringilla.",No,Male,Neither Conservative nor Liberal,Democrat Party,Employed full-time/Self-employed,"Orci eros pellentesque, ullamcorper euismod phasellus sapien tempora accumsan et iaculis aliquet.",Prefer not to answer,Prefer not to answer,4,3,2,1,3,4,4,2,2,5,3,3,3,5,1,5,2,1,2,1,5,4,1,,,,Security,Astronomy,2,78488,culture,
2025-03-17 09:29:54,2025-03-17 09:29:54,Survey Test,,100,0,True,2025-03-17 09:29:54,R_3DEMohe32KbxWYu,,,,,,,test,,Sagittis vitae maecenas blandit. Fusce ante sollicitudin quis sed elementum amet odio tempus fringilla rutrum.,Native Hawaiian or Pacific Islander,,Praesent vel! Cursus consequat auctor! Erat. Arcu nec morbi commodo magna.,No,Female,Conservative,Democrat Party,Retired,"Vehicula venenatis sagittis, purus! Nunc quam imperdiet egestas fermentum pharetra sit mauris ligula lacus.",Yes,No,2,5,3,1,2,4,2,4,4,4,5,1,3,1,3,5,3,5,2,4,2,3,2,,Security,,,Astronomy,2,62143,economy,
2025-03-17 09:29:54,2025-03-17 09:29:54,Survey Test,,100,0,True,2025-03-17 09:29:54,R_0GO3k1ViBsY90do,,,,,,,test,,Lectus consequat nonummy ab culpa laoreet. In viverra. Sollicitudin in ligula? Nec vehicula malesuada.,Unknown,,Consectetuer pretium. Ab wisi neque odio interdum nulla potenti ridiculus.,Yes,Male,Liberal,Republican Party,Employed full-time/Self-employed,Sed porttitor donec! Non? Primis vitae auctor ultrices vestibulum porttitor.,Yes,Prefer not to answer,4,1,5,3,5,2,4,1,2,5,3,5,3,3,1,4,5,2,4,4,4,3,4,,,Culture,,Astronomy,2,82328,security,
2025-03-17 09:29:54,2025-03-17 09:29:55,Survey Test,,100,1,True,2025-03-17 09:29:55,R_3rBaG7lbkwYHJMW,,,,,,,test,,"Diam consectetuer vel fusce curabitur ultricies nulla fringilla ante! Atque, malesuada luctus porta.",White/Caucausian,,Metus euismod sagittis sit urna ullamcorper sodales ligula tortor non.,No,Female,Liberal,Independent,Employed full-time/Self-employed,"Aliquet? Aliquet justo. A tempor maecenas! Nibh placerat, neque! Ultricies bibendum lorem, lacus.",Yes,Yes,1,3,3,1,3,1,1,2,1,4,5,1,5,5,5,4,3,2,3,2,2,1,4,,Economy,,,Migration,4,89259,economy,
2025-03-17 09:29:55,2025-03-17 09:29:55,Survey Test,,100,0,True,2025-03-17 09:29:55,R_02PH0fdz8EFnqnA,,,,,,,test,,Vehicula faucibus nunc? Luctus tempora integer etiam vel nulla justo diam? Platea.,Native American,,"Bibendum imperdiet, platea vehicula consectetuer nulla purus cras. Velit at justo convallis. Dictumst.",No,Neither/Prefer not to say,Liberal,Democrat Party,Employed full-time/Self-employed,Vulputate wisi platea? Dolor augue integer pellentesque atque urna accusamus ut mattis.,Prefer not to answer,Prefer not to answer,1,1,2,3,5,4,5,1,2,1,3,4,5,4,2,5,5,4,3,2,3,4,3,Africa,,,,Medicine,3,66709,general,
2025-03-17 09:29:55,2025-03-17 09:29:55,Survey Test,,100,0,True,2025-03-17 09:29:55,R_740Hjt542zzHFsi,,,,,,,test,,Atque sagittis egestas orci dignissim! Mauris maecenas? Porttitor vivamus nonummy.,Two or more,,"Vehicula placerat lacus fringilla magna pretium? Amet dolorem, bibendum? At laoreet iaculis fusce.",Yes,Neither/Prefer not to say,Liberal,Independent,Currently unemployed and not seeking opportunities,Natoque porta iaculis augue non molestie ridiculus praesent orci eu neque.,Prefer not to answer,No,3,3,2,1,4,1,5,1,3,2,2,3,1,4,4,1,1,3,3,2,1,5,3,Middle East,,,,Medicine,2,91676,general,
2025-03-17 09:29:55,2025-03-17 09:29:56,Survey Test,,100,1,True,2025-03-17 09:29:56,R_5mpmowRKHPEqYHc,,,,,,,test,,Blandit atque pharetra. Vestibulum risus dolorem odio morbi. Metus in sodales.,Prefer not to say,,Mattis quis per vitae in felis rhoncus scelerisque natoque fusce ultricies? Malesuada dolor.,No,Female,Liberal,Democrat Party,Currently unemployed and not seeking opportunities,"Etiam. Montes proin eros elementum elit venenatis phasellus, donec placerat eros enim turpis orci sit.",Prefer not to answer,No,3,2,3,2,4,2,5,3,3,1,2,2,1,3,2,4,2,1,3,2,1,2,5,,,,Culture,Migration,4,86070,culture,
2025-03-17 09:29:56,2025-03-17 09:29:56,Survey Test,,100,0,True,2025-03-17 09:29:56,R_a97YGif53j1Ydls,,,,,,,test,,Est interdum iaculis ab interdum? Per. Aenean dignissim non? Laoreet per.,Native American,,Sit diam! Sagittis viverra accumsan facilisi ante. Quam placerat sodales. Facilisi. Accumsan vel tempora sagittis.,No,Male,Neither Conservative nor Liberal,Democrat Party,Employed full-time/Self-employed,Augue? Justo convallis egestas dolorem malesuada? Euismod! Morbi iaculis wisi! Ante.,Prefer not to answer,Prefer not to answer,4,4,5,1,3,3,4,1,5,2,5,2,2,2,3,4,2,3,2,3,5,1,5,,Culture,,,Migration,3,39485,economy,
2025-03-17 09:29:56,2025-03-17 09:29:56,Survey Test,,100,0,True,2025-03-17 09:29:56,R_8ddJtdFhWqUko1U,,,,,,,test,,Mattis facilisi? Tempora porttitor justo mauris pede fringilla vel eros. Odio consequat tempora nulla.,Prefer not to say,,"In tempus duis aenean vitae! Mattis vivamus tincidunt, sodales! Luctus et at nonummy.",Yes,Neither/Prefer not to say,Neither Conservative nor Liberal,Democrat Party,Employed full-time/Self-employed,Maecenas velit ullamcorper. Nullam. Ipsum phasellus quam primis eros rutrum a sollicitudin.,No,Yes,2,3,2,4,2,3,1,1,2,4,1,3,3,2,5,4,3,2,5,4,1,2,5,Middle East,,,,Migration,4,65104,general,
2025-03-17 09:29:56,2025-03-17 09:29:57,Survey Test,,100,1,True,2025-03-17 09:29:57,R_cAzpHpYJFnLHq6y,,,,,,,test,,Dapibus bibendum tortor id elementum lacus accusamus. Ultrices per cursus atque.,Two or more,,Sodales mi nunc posuere suspendisse! Mi ac. Proin laoreet sed rutrum.,No,Female,Neither Conservative nor Liberal,Independent,Currently unemployed and not seeking opportunities,Wisi. Diam! Suscipit vivamus purus dictumst vulputate? Vulputate turpis tincidunt.,Prefer not to answer,No,3,2,1,1,2,1,4,3,1,3,2,5,1,2,3,5,3,5,1,3,1,1,4,,,Culture,,Astronomy,4,95845,security,
